Period,Frame,Time [s],Player1_x,Player1_y,Player2_x,Player2_y,Player3_x,Player3_y,Player4_x,Player4_y,Player5_x,Player5_y,Player6_x,Player6_y,Player7_x,Player7_y,Player8_x,Player8_y,Player9_x,Player9_y,Player10_x,Player10_y,Player11_x,Player11_y,Player12_x,Player12_y,Player13_x,Player13_y,Player14_x,Player14_y,Player15_x,Player15_y,Player16_x,Player16_y,Player17_x,Player17_y,Player18_x,Player18_y,Player19_x,Player19_y,Player20_x,Player20_y,Player21_x,Player21_y,Player22_x,Player22_y,Ball_x,Ball_y
1,0,0.0,21.0,21.0,21.0,21.0,50.0,51.0,51.0,51.0,79.0,81.0,1.0,84.0,84.0,84.0,84.0,54.0,54.0,54.0,54.0,26.0,26.0,97.0,25.0,49.0,75.0,97.0,25.0,50.0,75.0,98.0,24.0,74.0,49.0,24.0,51.0,74.0,97.0,25.0,50.0,75.0,98.0,26.0,74.0,50.0,50,25
1,1,0.04,22.0,22.0,22.0,22.0,50.0,52.0,52.0,52.0,78.0,82.0,0.0,83.0,83.0,83.0,83.0,53.0,53.0,53.0,53.0,27.0,27.0,96.0,26.0,48.0,74.0,96.0,25.0,50.0,75.0,98.0,23.0,73.0,48.0,23.0,52.0,73.0,96.0,25.0,50.0,75.0,98.0,27.0,75.0,51.0,50,25
1,2,0.08,23.0,23.0,23.0,23.0,50.0,53.0,53.0,53.0,79.0,81.0,1.0,82.0,82.0,82.0,82.0,52.0,53.0,53.0,53.0,28.0,28.0,95.0,27.0,47.0,75.0,95.0,25.0,50.0,75.0,98.0,24.0,72.0,47.0,24.0,53.0,72.0,95.0,25.0,50.0,75.0,98.0,26.0,74.0,50.0,50,25
1,3,0.12,24.0,24.0,24.0,24.0,50.0,53.0,53.0,53.0,80.0,80.0,2.0,81.0,81.0,81.0,81.0,51.0,53.0,53.0,53.0,29.0,29.0,94.0,26.0,46.0,74.0,94.0,25.0,50.0,75.0,98.0,23.0,71.0,46.0,23.0,54.0,71.0,94.0,25.0,50.0,75.0,98.0,27.0,73.0,49.0,50,25
1,4,0.16,25.0,25.0,25.0,25.0,50.0,53.0,53.0,53.0,79.0,79.0,3.0,80.0,80.0,80.0,80.0,50.0,53.0,53.0,53.0,30.0,30.0,93.0,27.0,45.0,73.0,93.0,25.0,50.0,75.0,98.0,22.0,72.0,47.0,22.0,55.0,72.0,93.0,25.0,50.0,75.0,98.0,28.0,72.0,50.0,50,25
1,5,0.2,26.0,26.0,26.0,26.0,50.0,53.0,53.0,53.0,78.0,80.0,2.0,79.0,80.0,80.0,80.0,50.0,53.0,53.0,53.0,31.0,31.0,92.0,28.0,44.0,72.0,92.0,25.0,50.0,75.0,98.0,23.0,71.0,46.0,23.0,56.0,71.0,92.0,25.0,50.0,75.0,98.0,29.0,71.0,49.0,50,25
1,6,0.24,27.0,27.0,27.0,27.0,50.0,53.0,53.0,53.0,79.0,79.0,1.0,79.0,79.0,79.0,79.0,50.0,53.0,53.0,53.0,32.0,32.0,91.0,29.0,43.0,71.0,91.0,25.0,50.0,75.0,98.0,24.0,72.0,47.0,24.0,57.0,72.0,91.0,25.0,50.0,75.0,98.0,30.0,70.0,48.0,50,25
1,7,0.28,28.0,28.0,28.0,28.0,50.0,53.0,53.0,53.0,78.0,80.0,2.0,78.0,80.0,80.0,80.0,50.0,53.0,53.0,53.0,33.0,33.0,90.0,30.0,42.0,70.0,90.0,25.0,50.0,75.0,98.0,23.0,71.0,48.0,23.0,58.0,71.0,90.0,25.0,50.0,75.0,98.0,31.0,71.0,49.0,50,25
1,8,0.32,29.0,29.0,29.0,29.0,50.0,53.0,53.0,53.0,79.0,81.0,1.0,79.0,81.0,81.0,81.0,50.0,53.0,53.0,53.0,34.0,34.0,89.0,31.0,41.0,71.0,89.0,25.0,50.0,75.0,98.0,22.0,70.0,49.0,22.0,59.0,70.0,89.0,25.0,50.0,75.0,98.0,32.0,70.0,48.0,50,25
1,9,0.36,30.0,30.0,30.0,30.0,50.0,53.0,53.0,53.0,80.0,80.0,1.0,80.0,80.0,80.0,80.0,50.0,53.0,53.0,53.0,35.0,35.0,88.0,32.0,40.0,70.0,88.0,25.0,50.0,75.0,98.0,23.0,69.0,50.0,23.0,60.0,69.0,88.0,25.0,50.0,75.0,98.0,33.0,69.0,49.0,50,25
1,10,0.4,31.0,31.0,31.0,31.0,50.0,53.0,53.0,53.0,79.0,79.0,2.0,79.0,79.0,79.0,79.0,50.0,53.0,53.0,53.0,36.0,36.0,87.0,33.0,39.0,69.0,87.0,25.0,50.0,75.0,98.0,22.0,68.0,50.0,22.0,61.0,68.0,87.0,25.0,50.0,75.0,98.0,34.0,68.0,50.0,50,25
1,11,0.44,32.0,32.0,32.0,32.0,50.0,53.0,53.0,53.0,80.0,78.0,2.0,80.0,78.0,78.0,78.0,50.0,53.0,53.0,53.0,37.0,37.0,86.0,34.0,38.0,68.0,86.0,25.0,50.0,75.0,98.0,23.0,69.0,49.0,23.0,62.0,69.0,86.0,25.0,50.0,75.0,98.0,35.0,67.0,50.0,50,25
1,12,0.48,33.0,33.0,33.0,33.0,50.0,53.0,53.0,53.0,81.0,79.0,1.0,81.0,79.0,79.0,79.0,50.0,53.0,53.0,53.0,38.0,38.0,85.0,35.0,37.0,67.0,85.0,25.0,50.0,75.0,98.0,24.0,68.0,48.0,24.0,63.0,68.0,85.0,25.0,50.0,75.0,98.0,36.0,66.0,49.0,50,25
1,13,0.52,34.0,34.0,34.0,34.0,50.0,53.0,53.0,53.0,80.0,78.0,2.0,80.0,78.0,78.0,78.0,50.0,53.0,53.0,53.0,39.0,39.0,84.0,36.0,36.0,66.0,84.0,25.0,50.0,75.0,98.0,25.0,67.0,47.0,25.0,64.0,67.0,84.0,25.0,50.0,75.0,98.0,37.0,65.0,48.0,50,25
1,14,0.56,35.0,35.0,35.0,35.0,50.0,53.0,53.0,53.0,79.0,79.0,2.0,79.0,79.0,79.0,79.0,50.0,53.0,53.0,53.0,40.0,40.0,83.0,37.0,37.0,65.0,83.0,25.0,50.0,75.0,98.0,26.0,68.0,47.0,26.0,65.0,68.0,83.0,25.0,50.0,75.0,98.0,36.0,64.0,48.0,50,25
1,15,0.6,36.0,36.0,36.0,36.0,50.0,53.0,53.0,53.0,78.0,80.0,2.0,78.0,80.0,80.0,80.0,50.0,53.0,53.0,53.0,41.0,41.0,82.0,36.0,36.0,64.0,82.0,25.0,50.0,75.0,98.0,25.0,69.0,46.0,25.0,66.0,69.0,82.0,25.0,50.0,75.0,98.0,37.0,65.0,49.0,50,25
1,16,0.64,37.0,37.0,37.0,37.0,50.0,53.0,53.0,53.0,79.0,81.0,1.0,79.0,81.0,81.0,81.0,50.0,53.0,53.0,53.0,42.0,42.0,81.0,37.0,37.0,65.0,81.0,25.0,50.0,75.0,98.0,26.0,68.0,46.0,26.0,67.0,68.0,81.0,25.0,50.0,75.0,98.0,38.0,64.0,50.0,50,25
1,17,0.68,38.0,38.0,38.0,38.0,50.0,53.0,53.0,53.0,80.0,80.0,2.0,80.0,80.0,80.0,80.0,50.0,53.0,53.0,53.0,43.0,43.0,80.0,38.0,38.0,64.0,80.0,25.0,50.0,75.0,98.0,27.0,67.0,45.0,27.0,67.0,67.0,80.0,25.0,50.0,75.0,98.0,37.0,63.0,49.0,50,25
1,18,0.72,39.0,39.0,39.0,39.0,50.0,53.0,53.0,53.0,81.0,79.0,2.0,81.0,79.0,79.0,79.0,50.0,53.0,53.0,53.0,44.0,44.0,79.0,37.0,37.0,63.0,79.0,25.0,50.0,75.0,98.0,28.0,66.0,46.0,28.0,66.0,66.0,79.0,25.0,50.0,75.0,98.0,38.0,62.0,48.0,50,25
1,19,0.76,40.0,40.0,40.0,40.0,50.0,53.0,53.0,53.0,80.0,78.0,1.0,80.0,78.0,78.0,78.0,50.0,53.0,53.0,53.0,45.0,45.0,78.0,38.0,38.0,62.0,78.0,25.0,50.0,75.0,98.0,29.0,65.0,45.0,29.0,65.0,65.0,78.0,25.0,50.0,75.0,98.0,39.0,61.0,47.0,50,25
1,20,0.8,41.0,41.0,41.0,41.0,50.0,53.0,53.0,53.0,79.0,79.0,2.0,79.0,79.0,79.0,79.0,50.0,53.0,53.0,53.0,46.0,46.0,77.0,39.0,39.0,61.0,77.0,25.0,50.0,75.0,98.0,28.0,66.0,46.0,28.0,66.0,66.0,77.0,25.0,50.0,75.0,98.0,40.0,62.0,48.0,50,25
1,21,0.84,42.0,42.0,42.0,42.0,50.0,53.0,53.0,53.0,80.0,80.0,3.0,80.0,80.0,80.0,80.0,50.0,53.0,53.0,53.0,47.0,47.0,76.0,40.0,40.0,62.0,76.0,25.0,50.0,75.0,98.0,29.0,67.0,46.0,29.0,67.0,67.0,76.0,25.0,50.0,75.0,98.0,41.0,61.0,48.0,50,25
1,22,0.88,43.0,43.0,43.0,43.0,50.0,53.0,53.0,53.0,79.0,79.0,3.0,79.0,79.0,79.0,79.0,50.0,53.0,53.0,53.0,48.0,48.0,75.0,41.0,41.0,61.0,75.0,25.0,50.0,75.0,98.0,28.0,68.0,47.0,28.0,68.0,68.0,75.0,25.0,50.0,75.0,98.0,42.0,60.0,49.0,50,25
1,23,0.92,44.0,44.0,44.0,44.0,50.0,53.0,53.0,53.0,80.0,78.0,2.0,80.0,78.0,78.0,78.0,50.0,53.0,53.0,53.0,49.0,49.0,74.0,42.0,42.0,60.0,75.0,25.0,50.0,75.0,98.0,29.0,67.0,48.0,29.0,67.0,67.0,74.0,25.0,50.0,75.0,98.0,41.0,59.0,48.0,50,25
1,24,0.96,45.0,45.0,45.0,45.0,50.0,53.0,53.0,53.0,79.0,79.0,1.0,79.0,79.0,79.0,79.0,50.0,53.0,53.0,53.0,50.0,50.0,73.0,41.0,41.0,59.0,75.0,25.0,50.0,75.0,98.0,30.0,66.0,47.0,30.0,66.0,66.0,73.0,25.0,50.0,75.0,98.0,40.0,58.0,49.0,50,25
1,25,1.0,46.0,46.0,46.0,46.0,50.0,53.0,53.0,53.0,80.0,78.0,2.0,80.0,78.0,78.0,78.0,50.0,53.0,53.0,53.0,51.0,51.0,72.0,40.0,40.0,58.0,75.0,25.0,50.0,75.0,98.0,31.0,65.0,48.0,31.0,65.0,65.0,72.0,25.0,50.0,75.0,98.0,39.0,57.0,49.0,50,25
1,26,1.04,47.0,47.0,47.0,47.0,50.0,53.0,53.0,53.0,79.0,79.0,2.0,79.0,79.0,79.0,79.0,50.0,53.0,53.0,53.0,52.0,52.0,71.0,39.0,39.0,57.0,75.0,25.0,50.0,75.0,98.0,30.0,64.0,49.0,30.0,64.0,64.0,71.0,25.0,50.0,75.0,98.0,38.0,58.0,48.0,50,25
1,27,1.08,48.0,48.0,48.0,48.0,50.0,53.0,53.0,53.0,80.0,78.0,2.0,80.0,78.0,78.0,78.0,50.0,53.0,53.0,53.0,53.0,53.0,70.0,38.0,38.0,58.0,75.0,25.0,50.0,75.0,98.0,29.0,63.0,50.0,29.0,63.0,63.0,70.0,25.0,50.0,75.0,98.0,39.0,57.0,49.0,50,25
1,28,1.12,49.0,49.0,49.0,49.0,50.0,53.0,53.0,53.0,79.0,77.0,1.0,79.0,77.0,77.0,77.0,50.0,53.0,53.0,53.0,54.0,54.0,69.0,39.0,39.0,57.0,75.0,25.0,50.0,75.0,98.0,28.0,64.0,49.0,28.0,64.0,64.0,69.0,25.0,50.0,75.0,98.0,38.0,58.0,48.0,50,25
1,29,1.16,50.0,50.0,50.0,50.0,50.0,53.0,53.0,53.0,80.0,78.0,2.0,80.0,78.0,78.0,78.0,50.0,53.0,53.0,53.0,55.0,55.0,68.0,38.0,38.0,58.0,75.0,25.0,50.0,75.0,98.0,27.0,63.0,50.0,27.0,63.0,63.0,68.0,25.0,50.0,75.0,98.0,37.0,59.0,49.0,50,25
1,30,1.2,51.0,51.0,51.0,51.0,50.0,53.0,53.0,53.0,80.0,79.0,3.0,80.0,79.0,79.0,79.0,50.0,53.0,53.0,53.0,56.0,56.0,67.0,37.0,37.0,59.0,75.0,25.0,50.0,75.0,98.0,28.0,62.0,51.0,28.0,62.0,62.0,67.0,25.0,50.0,75.0,98.0,38.0,60.0,50.0,50,25
1,31,1.24,52.0,52.0,52.0,52.0,50.0,53.0,53.0,53.0,79.0,78.0,2.0,79.0,78.0,78.0,78.0,50.0,53.0,53.0,53.0,57.0,57.0,66.0,38.0,38.0,60.0,75.0,25.0,50.0,75.0,98.0,29.0,61.0,52.0,29.0,61.0,61.0,66.0,25.0,50.0,75.0,98.0,39.0,59.0,51.0,50,25
1,32,1.28,53.0,53.0,53.0,53.0,50.0,53.0,53.0,53.0,78.0,79.0,1.0,78.0,79.0,79.0,79.0,50.0,53.0,53.0,53.0,58.0,58.0,65.0,39.0,39.0,59.0,75.0,25.0,50.0,75.0,98.0,30.0,62.0,53.0,30.0,62.0,62.0,65.0,25.0,50.0,75.0,98.0,38.0,60.0,52.0,50,25
1,33,1.32,54.0,54.0,54.0,53.0,50.0,53.0,53.0,53.0,79.0,80.0,2.0,79.0,80.0,80.0,80.0,50.0,53.0,53.0,53.0,59.0,59.0,64.0,38.0,38.0,60.0,75.0,25.0,50.0,75.0,98.0,31.0,61.0,52.0,31.0,61.0,61.0,64.0,25.0,50.0,75.0,98.0,39.0,61.0,51.0,50,25
1,34,1.36,55.0,55.0,55.0,53.0,50.0,53.0,53.0,53.0,78.0,80.0,2.0,78.0,80.0,80.0,80.0,50.0,53.0,53.0,53.0,60.0,60.0,63.0,39.0,39.0,61.0,75.0,25.0,50.0,75.0,98.0,32.0,60.0,53.0,32.0,60.0,60.0,63.0,25.0,50.0,75.0,98.0,40.0,60.0,50.0,50,25
1,35,1.4000000000000001,56.0,56.0,56.0,53.0,50.0,53.0,53.0,53.0,78.0,79.0,1.0,78.0,79.0,79.0,79.0,50.0,53.0,53.0,53.0,61.0,61.0,62.0,40.0,40.0,60.0,75.0,25.0,50.0,75.0,98.0,31.0,61.0,52.0,31.0,61.0,61.0,62.0,25.0,50.0,75.0,98.0,39.0,59.0,49.0,50,25
1,36,1.44,57.0,57.0,57.0,53.0,50.0,53.0,53.0,53.0,79.0,78.0,2.0,79.0,78.0,78.0,78.0,50.0,53.0,53.0,53.0,62.0,62.0,61.0,39.0,39.0,59.0,75.0,25.0,50.0,75.0,98.0,32.0,60.0,53.0,32.0,60.0,60.0,61.0,25.0,50.0,75.0,98.0,38.0,60.0,50.0,50,25
1,37,1.48,58.0,58.0,58.0,53.0,50.0,53.0,53.0,53.0,78.0,77.0,3.0,78.0,77.0,77.0,77.0,50.0,53.0,53.0,53.0,63.0,63.0,60.0,38.0,38.0,60.0,75.0,25.0,50.0,75.0,98.0,33.0,59.0,52.0,33.0,59.0,59.0,60.0,25.0,50.0,75.0,98.0,39.0,59.0,49.0,50,25
1,38,1.52,59.0,59.0,59.0,53.0,50.0,53.0,53.0,53.0,79.0,76.0,2.0,79.0,76.0,76.0,76.0,50.0,53.0,53.0,53.0,64.0,64.0,59.0,39.0,39.0,59.0,75.0,25.0,50.0,75.0,98.0,34.0,58.0,51.0,34.0,58.0,58.0,59.0,25.0,50.0,75.0,98.0,40.0,58.0,48.0,50,25
1,39,1.56,60.0,60.0,60.0,53.0,50.0,53.0,53.0,53.0,78.0,77.0,1.0,78.0,77.0,77.0,77.0,50.0,53.0,53.0,53.0,65.0,65.0,58.0,40.0,40.0,58.0,75.0,25.0,50.0,75.0,98.0,35.0,59.0,50.0,35.0,59.0,59.0,59.0,25.0,50.0,75.0,98.0,41.0,59.0,49.0,50,25
1,40,1.6,61.0,61.0,61.0,53.0,50.0,53.0,53.0,53.0,79.0,78.0,0.0,79.0,78.0,78.0,78.0,50.0,53.0,53.0,53.0,66.0,66.0,57.0,41.0,41.0,59.0,75.0,25.0,50.0,75.0,98.0,36.0,60.0,51.0,36.0,60.0,60.0,60.0,25.0,50.0,75.0,98.0,40.0,58.0,48.0,50,25
1,41,1.6400000000000001,62.0,62.0,62.0,53.0,50.0,53.0,53.0,53.0,80.0,78.0,1.0,80.0,78.0,78.0,78.0,50.0,53.0,53.0,53.0,67.0,67.0,56.0,40.0,40.0,58.0,75.0,25.0,50.0,75.0,98.0,37.0,59.0,50.0,37.0,59.0,59.0,59.0,25.0,50.0,75.0,98.0,41.0,57.0,49.0,50,25
1,42,1.68,63.0,63.0,63.0,53.0,50.0,53.0,53.0,53.0,79.0,79.0,2.0,79.0,79.0,79.0,79.0,50.0,53.0,53.0,53.0,68.0,68.0,55.0,41.0,41.0,57.0,75.0,25.0,50.0,75.0,98.0,38.0,58.0,49.0,38.0,58.0,58.0,58.0,25.0,50.0,75.0,98.0,42.0,56.0,50.0,50,25
1,43,1.72,64.0,64.0,64.0,53.0,50.0,53.0,53.0,53.0,78.0,78.0,1.0,78.0,78.0,78.0,78.0,50.0,53.0,53.0,53.0,69.0,69.0,54.0,42.0,42.0,56.0,75.0,25.0,50.0,75.0,98.0,39.0,57.0,49.0,39.0,57.0,57.0,57.0,25.0,50.0,75.0,98.0,41.0,55.0,49.0,50,25
1,44,1.76,65.0,65.0,65.0,53.0,50.0,53.0,53.0,53.0,77.0,77.0,0.0,77.0,77.0,77.0,77.0,50.0,53.0,53.0,53.0,70.0,70.0,53.0,41.0,41.0,55.0,75.0,25.0,50.0,75.0,98.0,40.0,58.0,48.0,40.0,58.0,58.0,58.0,25.0,50.0,75.0,98.0,40.0,56.0,50.0,50,25
1,45,1.8,66.0,66.0,66.0,53.0,50.0,53.0,53.0,53.0,78.0,76.0,0.0,78.0,76.0,76.0,76.0,50.0,53.0,53.0,53.0,71.0,71.0,52.0,40.0,40.0,56.0,75.0,25.0,50.0,75.0,98.0,39.0,57.0,49.0,39.0,57.0,57.0,57.0,25.0,50.0,75.0,98.0,41.0,57.0,51.0,50,25
1,46,1.84,67.0,67.0,67.0,53.0,50.0,53.0,53.0,53.0,77.0,77.0,1.0,77.0,77.0,77.0,77.0,50.0,53.0,53.0,53.0,70.0,70.0,51.0,41.0,41.0,57.0,75.0,25.0,50.0,75.0,98.0,38.0,56.0,48.0,38.0,56.0,56.0,56.0,25.0,50.0,75.0,98.0,42.0,56.0,52.0,50,25
1,47,1.8800000000000001,68.0,68.0,68.0,53.0,50.0,53.0,53.0,53.0,78.0,76.0,1.0,78.0,76.0,76.0,76.0,50.0,53.0,53.0,53.0,69.0,71.0,50.0,42.0,42.0,56.0,75.0,25.0,50.0,75.0,98.0,39.0,55.0,47.0,39.0,55.0,55.0,55.0,25.0,50.0,75.0,98.0,43.0,55.0,51.0,50,25
1,48,1.92,69.0,69.0,69.0,53.0,50.0,53.0,53.0,53.0,79.0,77.0,2.0,79.0,77.0,77.0,77.0,50.0,53.0,53.0,53.0,70.0,72.0,49.0,43.0,43.0,55.0,75.0,25.0,50.0,75.0,98.0,38.0,56.0,48.0,38.0,56.0,56.0,56.0,25.0,50.0,75.0,98.0,42.0,56.0,52.0,50,25
1,49,1.96,70.0,70.0,70.0,53.0,50.0,53.0,53.0,53.0,78.0,78.0,2.0,78.0,78.0,78.0,78.0,50.0,53.0,53.0,53.0,70.0,73.0,48.0,42.0,42.0,56.0,75.0,25.0,50.0,75.0,98.0,39.0,55.0,49.0,39.0,55.0,55.0,55.0,25.0,50.0,75.0,98.0,43.0,57.0,53.0,50,25
1,50,2.0,70.0,70.0,71.0,53.0,50.0,53.0,53.0,53.0,78.0,77.0,3.0,78.0,77.0,77.0,77.0,50.0,53.0,53.0,53.0,71.0,74.0,47.0,43.0,43.0,57.0,75.0,25.0,50.0,75.0,98.0,40.0,54.0,49.0,40.0,54.0,54.0,54.0,25.0,50.0,75.0,98.0,44.0,58.0,53.0,50,25
1,51,2.04,71.0,71.0,72.0,53.0,50.0,53.0,53.0,53.0,78.0,78.0,2.0,78.0,78.0,78.0,78.0,50.0,53.0,53.0,53.0,72.0,73.0,46.0,44.0,44.0,58.0,75.0,25.0,50.0,75.0,98.0,39.0,53.0,48.0,39.0,53.0,53.0,53.0,25.0,50.0,75.0,98.0,45.0,57.0,52.0,50,25
1,52,2.08,72.0,72.0,73.0,53.0,50.0,53.0,53.0,53.0,79.0,79.0,3.0,79.0,79.0,79.0,79.0,50.0,53.0,53.0,53.0,71.0,74.0,45.0,45.0,45.0,57.0,75.0,25.0,50.0,75.0,98.0,38.0,54.0,49.0,38.0,54.0,54.0,54.0,25.0,50.0,75.0,98.0,44.0,56.0,51.0,50,25
1,53,2.12,71.0,71.0,74.0,53.0,50.0,53.0,53.0,53.0,80.0,78.0,4.0,80.0,78.0,78.0,78.0,50.0,53.0,53.0,53.0,72.0,75.0,44.0,44.0,44.0,56.0,75.0,25.0,50.0,75.0,98.0,39.0,55.0,48.0,39.0,55.0,55.0,55.0,25.0,50.0,75.0,98.0,43.0,57.0,50.0,50,25
1,54,2.16,72.0,72.0,75.0,53.0,50.0,53.0,53.0,53.0,81.0,79.0,3.0,81.0,79.0,79.0,79.0,50.0,53.0,53.0,53.0,72.0,76.0,43.0,43.0,43.0,57.0,75.0,25.0,50.0,75.0,98.0,38.0,54.0,48.0,38.0,54.0,54.0,54.0,25.0,50.0,75.0,98.0,44.0,56.0,49.0,50,25
1,55,2.2,72.0,72.0,76.0,53.0,50.0,53.0,53.0,53.0,80.0,80.0,4.0,80.0,80.0,80.0,80.0,50.0,53.0,53.0,53.0,71.0,75.0,42.0,44.0,44.0,56.0,75.0,25.0,50.0,75.0,98.0,39.0,55.0,49.0,39.0,55.0,55.0,55.0,25.0,50.0,75.0,98.0,45.0,57.0,50.0,50,25
1,56,2.24,71.0,71.0,75.0,53.0,50.0,53.0,53.0,53.0,79.0,79.0,3.0,79.0,79.0,79.0,79.0,50.0,53.0,53.0,53.0,72.0,75.0,41.0,45.0,45.0,57.0,75.0,25.0,50.0,75.0,98.0,38.0,56.0,49.0,38.0,56.0,56.0,56.0,25.0,50.0,75.0,98.0,46.0,56.0,49.0,50,25
1,57,2.2800000000000002,72.0,72.0,75.0,53.0,50.0,53.0,53.0,53.0,80.0,80.0,2.0,80.0,80.0,80.0,80.0,50.0,53.0,53.0,53.0,73.0,76.0,40.0,46.0,46.0,56.0,75.0,25.0,50.0,75.0,98.0,37.0,55.0,48.0,37.0,55.0,55.0,55.0,25.0,50.0,75.0,98.0,45.0,55.0,49.0,50,25
1,58,2.32,73.0,73.0,76.0,53.0,50.0,53.0,53.0,53.0,81.0,81.0,2.0,81.0,81.0,81.0,81.0,50.0,53.0,53.0,53.0,72.0,77.0,39.0,45.0,45.0,55.0,75.0,25.0,50.0,75.0,98.0,38.0,56.0,47.0,38.0,56.0,56.0,56.0,25.0,50.0,75.0,98.0,44.0,56.0,50.0,50,25
1,59,2.36,72.0,72.0,77.0,53.0,50.0,53.0,53.0,53.0,80.0,80.0,3.0,80.0,80.0,80.0,80.0,50.0,53.0,53.0,53.0,73.0,76.0,38.0,44.0,44.0,56.0,75.0,25.0,50.0,75.0,98.0,37.0,57.0,48.0,37.0,57.0,57.0,57.0,25.0,50.0,75.0,98.0,43.0,57.0,49.0,50,25
1,60,2.4,73.0,73.0,76.0,53.0,50.0,53.0,53.0,53.0,81.0,79.0,2.0,81.0,79.0,79.0,79.0,50.0,53.0,53.0,53.0,72.0,77.0,37.0,43.0,43.0,57.0,75.0,25.0,50.0,75.0,98.0,38.0,58.0,48.0,38.0,58.0,58.0,58.0,25.0,50.0,75.0,98.0,44.0,58.0,50.0,50,25
1,61,2.44,72.0,72.0,77.0,53.0,50.0,53.0,53.0,53.0,80.0,80.0,2.0,80.0,80.0,80.0,80.0,50.0,53.0,53.0,53.0,73.0,78.0,36.0,44.0,44.0,58.0,75.0,25.0,50.0,75.0,98.0,37.0,57.0,49.0,37.0,57.0,57.0,57.0,25.0,50.0,75.0,98.0,43.0,57.0,51.0,50,25
1,62,2.48,73.0,73.0,78.0,53.0,50.0,53.0,53.0,53.0,80.0,81.0,2.0,80.0,81.0,81.0,81.0,50.0,53.0,53.0,53.0,72.0,77.0,35.0,43.0,43.0,57.0,75.0,25.0,50.0,75.0,98.0,38.0,56.0,50.0,38.0,56.0,56.0,56.0,25.0,50.0,75.0,98.0,44.0,58.0,50.0,50,25
1,63,2.52,72.0,72.0,77.0,53.0,50.0,53.0,53.0,53.0,81.0,82.0,1.0,81.0,82.0,82.0,82.0,50.0,53.0,53.0,53.0,73.0,78.0,34.0,44.0,44.0,58.0,75.0,25.0,50.0,75.0,98.0,37.0,57.0,51.0,37.0,57.0,57.0,57.0,25.0,50.0,75.0,98.0,43.0,59.0,51.0,50,25
1,64,2.56,73.0,73.0,78.0,53.0,50.0,53.0,53.0,53.0,82.0,81.0,2.0,82.0,81.0,81.0,81.0,50.0,53.0,53.0,53.0,74.0,77.0,33.0,43.0,43.0,59.0,75.0,25.0,50.0,75.0,98.0,36.0,58.0,50.0,36.0,58.0,58.0,58.0,25.0,50.0,75.0,98.0,44.0,60.0,50.0,50,25
1,65,2.6,74.0,74.0,77.0,53.0,50.0,53.0,53.0,53.0,81.0,80.0,3.0,81.0,80.0,80.0,80.0,50.0,53.0,53.0,53.0,75.0,76.0,32.0,44.0,44.0,60.0,75.0,25.0,50.0,75.0,98.0,35.0,57.0,50.0,35.0,57.0,57.0,57.0,25.0,50.0,75.0,98.0,43.0,59.0,49.0,50,25
1,66,2.64,75.0,75.0,76.0,53.0,50.0,53.0,53.0,53.0,81.0,79.0,2.0,81.0,79.0,79.0,79.0,50.0,53.0,53.0,53.0,76.0,77.0,31.0,43.0,43.0,59.0,75.0,25.0,50.0,75.0,98.0,34.0,58.0,51.0,34.0,58.0,58.0,58.0,25.0,50.0,75.0,98.0,42.0,60.0,50.0,50,25
1,67,2.68,76.0,76.0,77.0,53.0,50.0,53.0,53.0,53.0,82.0,80.0,3.0,82.0,80.0,80.0,80.0,50.0,53.0,53.0,53.0,75.0,78.0,30.0,42.0,42.0,60.0,75.0,25.0,50.0,75.0,98.0,35.0,57.0,50.0,35.0,57.0,57.0,57.0,25.0,50.0,75.0,98.0,43.0,59.0,51.0,50,25
1,68,2.72,75.0,75.0,78.0,53.0,50.0,53.0,53.0,53.0,83.0,79.0,4.0,83.0,79.0,79.0,79.0,50.0,53.0,53.0,53.0,76.0,79.0,29.0,43.0,43.0,59.0,75.0,25.0,50.0,75.0,98.0,36.0,58.0,49.0,36.0,58.0,58.0,58.0,25.0,50.0,75.0,98.0,44.0,58.0,50.0,50,25
1,69,2.7600000000000002,76.0,76.0,79.0,53.0,50.0,53.0,53.0,53.0,84.0,80.0,3.0,84.0,79.0,79.0,79.0,50.0,53.0,53.0,53.0,77.0,80.0,28.0,44.0,44.0,58.0,75.0,25.0,50.0,75.0,98.0,37.0,59.0,48.0,37.0,58.0,58.0,58.0,25.0,50.0,75.0,98.0,45.0,57.0,49.0,50,25
1,70,2.8000000000000003,77.0,77.0,79.0,53.0,50.0,53.0,53.0,53.0,83.0,79.0,3.0,83.0,79.0,79.0,79.0,50.0,53.0,53.0,53.0,76.0,79.0,27.0,45.0,45.0,58.0,75.0,25.0,50.0,75.0,98.0,38.0,58.0,49.0,38.0,58.0,58.0,58.0,25.0,50.0,75.0,98.0,46.0,56.0,50.0,50,25
1,71,2.84,76.0,76.0,79.0,53.0,50.0,53.0,53.0,53.0,82.0,80.0,3.0,82.0,79.0,79.0,79.0,50.0,53.0,53.0,53.0,77.0,80.0,26.0,46.0,46.0,58.0,75.0,25.0,50.0,75.0,98.0,39.0,59.0,50.0,39.0,58.0,58.0,58.0,25.0,50.0,75.0,98.0,45.0,55.0,49.0,50,25
1,72,2.88,77.0,77.0,79.0,53.0,50.0,53.0,53.0,53.0,83.0,81.0,2.0,83.0,79.0,79.0,79.0,50.0,53.0,53.0,53.0,78.0,81.0,25.0,45.0,45.0,58.0,75.0,25.0,50.0,75.0,98.0,40.0,58.0,49.0,40.0,58.0,58.0,58.0,25.0,50.0,75.0,98.0,44.0,54.0,49.0,50,25
1,73,2.92,78.0,78.0,79.0,53.0,50.0,53.0,53.0,53.0,84.0,80.0,1.0,84.0,79.0,79.0,79.0,50.0,53.0,53.0,53.0,77.0,82.0,24.0,44.0,44.0,58.0,75.0,25.0,50.0,75.0,98.0,41.0,57.0,50.0,41.0,58.0,58.0,58.0,25.0,50.0,75.0,98.0,45.0,55.0,50.0,50,25
1,74,2.96,77.0,77.0,79.0,53.0,50.0,53.0,53.0,53.0,83.0,79.0,2.0,83.0,79.0,79.0,79.0,50.0,53.0,53.0,53.0,78.0,83.0,23.0,45.0,45.0,58.0,75.0,25.0,50.0,75.0,98.0,40.0,58.0,50.0,40.0,58.0,58.0,58.0,25.0,50.0,75.0,98.0,44.0,56.0,49.0,50,25
1,75,3.0,78.0,78.0,79.0,53.0,50.0,53.0,53.0,53.0,82.0,80.0,2.0,82.0,79.0,79.0,79.0,50.0,53.0,53.0,53.0,79.0,82.0,22.0,44.0,44.0,58.0,75.0,25.0,50.0,75.0,98.0,41.0,59.0,51.0,41.0,58.0,58.0,58.0,25.0,50.0,75.0,98.0,43.0,57.0,48.0,50,25
1,76,3.04,79.0,79.0,79.0,53.0,50.0,53.0,53.0,53.0,81.0,79.0,2.0,81.0,79.0,79.0,79.0,50.0,53.0,53.0,53.0,78.0,83.0,21.0,43.0,43.0,58.0,75.0,25.0,50.0,75.0,98.0,42.0,60.0,50.0,42.0,58.0,58.0,58.0,25.0,50.0,75.0,98.0,42.0,58.0,47.0,50,25
1,77,3.08,78.0,78.0,79.0,53.0,50.0,53.0,53.0,53.0,80.0,78.0,3.0,80.0,79.0,79.0,79.0,50.0,53.0,53.0,53.0,79.0,83.0,20.0,42.0,42.0,58.0,75.0,25.0,50.0,75.0,98.0,41.0,61.0,49.0,41.0,58.0,58.0,58.0,25.0,50.0,75.0,98.0,43.0,57.0,48.0,50,25
1,78,3.12,79.0,79.0,79.0,53.0,50.0,53.0,53.0,53.0,79.0,79.0,2.0,79.0,79.0,79.0,79.0,50.0,53.0,53.0,53.0,78.0,82.0,19.0,43.0,43.0,58.0,75.0,25.0,50.0,75.0,98.0,42.0,60.0,48.0,42.0,58.0,58.0,58.0,25.0,50.0,75.0,98.0,42.0,56.0,47.0,50,25
1,79,3.16,79.0,79.0,79.0,53.0,50.0,53.0,53.0,53.0,78.0,78.0,1.0,79.0,79.0,79.0,79.0,50.0,53.0,53.0,53.0,77.0,83.0,18.0,42.0,42.0,58.0,75.0,25.0,50.0,75.0,98.0,43.0,61.0,47.0,42.0,58.0,58.0,58.0,25.0,50.0,75.0,98.0,41.0,55.0,48.0,50,25
1,80,3.2,79.0,79.0,79.0,53.0,50.0,53.0,53.0,53.0,79.0,79.0,2.0,79.0,79.0,79.0,79.0,50.0,53.0,53.0,53.0,76.0,82.0,17.0,42.0,42.0,58.0,75.0,25.0,50.0,75.0,98.0,42.0,62.0,46.0,42.0,58.0,58.0,58.0,25.0,50.0,75.0,98.0,42.0,56.0,49.0,50,25
1,81,3.24,79.0,79.0,79.0,53.0,50.0,53.0,53.0,53.0,78.0,78.0,3.0,79.0,79.0,79.0,79.0,50.0,53.0,53.0,53.0,77.0,81.0,16.0,42.0,42.0,58.0,75.0,25.0,50.0,75.0,98.0,43.0,61.0,47.0,42.0,58.0,58.0,58.0,25.0,50.0,75.0,98.0,42.0,57.0,48.0,50,25
1,82,3.2800000000000002,79.0,79.0,79.0,53.0,50.0,53.0,53.0,53.0,79.0,79.0,2.0,79.0,79.0,79.0,79.0,50.0,53.0,53.0,53.0,78.0,82.0,15.0,42.0,42.0,58.0,75.0,25.0,50.0,75.0,98.0,42.0,62.0,48.0,42.0,58.0,58.0,58.0,25.0,50.0,75.0,98.0,41.0,58.0,47.0,50,25
1,83,3.3200000000000003,79.0,79.0,79.0,53.0,50.0,53.0,53.0,53.0,80.0,78.0,3.0,79.0,79.0,79.0,79.0,50.0,53.0,53.0,53.0,79.0,83.0,14.0,42.0,42.0,58.0,75.0,25.0,50.0,75.0,98.0,43.0,61.0,49.0,42.0,58.0,58.0,58.0,25.0,50.0,75.0,98.0,40.0,57.0,48.0,50,25
1,84,3.36,79.0,79.0,79.0,53.0,50.0,53.0,53.0,53.0,81.0,79.0,3.0,79.0,79.0,79.0,79.0,50.0,53.0,53.0,53.0,80.0,82.0,13.0,42.0,42.0,58.0,75.0,25.0,50.0,75.0,98.0,42.0,60.0,50.0,42.0,58.0,58.0,58.0,25.0,50.0,75.0,98.0,41.0,56.0,47.0,50,25
1,85,3.4,79.0,79.0,79.0,53.0,50.0,53.0,53.0,53.0,82.0,78.0,3.0,79.0,79.0,79.0,79.0,50.0,53.0,53.0,53.0,79.0,81.0,12.0,42.0,42.0,58.0,75.0,25.0,50.0,75.0,98.0,43.0,60.0,49.0,42.0,58.0,58.0,58.0,25.0,50.0,75.0,98.0,40.0,55.0,46.0,50,25
1,86,3.44,79.0,79.0,79.0,53.0,50.0,53.0,53.0,53.0,81.0,79.0,2.0,79.0,79.0,79.0,79.0,50.0,53.0,53.0,53.0,78.0,80.0,11.0,42.0,42.0,58.0,75.0,25.0,50.0,75.0,98.0,44.0,61.0,48.0,42.0,58.0,58.0,58.0,25.0,50.0,75.0,98.0,39.0,54.0,46.0,50,25
1,87,3.48,79.0,79.0,79.0,53.0,50.0,53.0,53.0,53.0,80.0,80.0,2.0,79.0,79.0,79.0,79.0,50.0,53.0,53.0,53.0,79.0,81.0,10.0,42.0,42.0,58.0,75.0,25.0,50.0,75.0,98.0,45.0,60.0,47.0,42.0,58.0,58.0,58.0,25.0,50.0,75.0,98.0,40.0,53.0,47.0,50,25
1,88,3.52,79.0,79.0,79.0,53.0,50.0,53.0,53.0,53.0,79.0,79.0,2.0,79.0,79.0,79.0,79.0,50.0,53.0,53.0,53.0,80.0,80.0,9.0,42.0,42.0,58.0,75.0,25.0,50.0,75.0,98.0,44.0,61.0,48.0,42.0,58.0,58.0,58.0,25.0,50.0,75.0,98.0,41.0,52.0,48.0,50,25
1,89,3.56,79.0,79.0,79.0,53.0,50.0,53.0,53.0,53.0,78.0,80.0,3.0,79.0,79.0,79.0,79.0,50.0,53.0,53.0,53.0,81.0,79.0,8.0,42.0,42.0,58.0,75.0,25.0,50.0,75.0,98.0,43.0,60.0,49.0,42.0,58.0,58.0,58.0,25.0,50.0,75.0,98.0,42.0,51.0,47.0,50,25
1,90,3.6,79.0,79.0,79.0,53.0,50.0,53.0,53.0,53.0,79.0,79.0,3.0,79.0,79.0,79.0,79.0,50.0,53.0,53.0,53.0,80.0,78.0,7.0,42.0,42.0,58.0,75.0,25.0,50.0,75.0,98.0,44.0,59.0,50.0,42.0,58.0,58.0,58.0,25.0,50.0,75.0,98.0,41.0,50.0,48.0,50,25
1,91,3.64,79.0,79.0,79.0,53.0,50.0,53.0,53.0,53.0,80.0,78.0,2.0,79.0,79.0,79.0,79.0,50.0,53.0,53.0,53.0,79.0,79.0,6.0,42.0,42.0,58.0,75.0,25.0,50.0,75.0,98.0,43.0,59.0,50.0,42.0,58.0,58.0,58.0,25.0,50.0,75.0,98.0,42.0,49.0,49.0,50,25
1,92,3.68,79.0,79.0,79.0,53.0,50.0,53.0,53.0,53.0,81.0,79.0,3.0,79.0,79.0,79.0,79.0,50.0,53.0,53.0,53.0,78.0,80.0,5.0,42.0,42.0,58.0,75.0,25.0,50.0,75.0,98.0,44.0,60.0,49.0,42.0,58.0,58.0,58.0,25.0,50.0,75.0,98.0,41.0,50.0,48.0,50,25
1,93,3.72,79.0,79.0,79.0,53.0,50.0,53.0,53.0,53.0,82.0,80.0,4.0,79.0,79.0,79.0,79.0,50.0,53.0,53.0,53.0,77.0,79.0,4.0,42.0,42.0,58.0,75.0,25.0,50.0,75.0,98.0,43.0,59.0,48.0,42.0,58.0,58.0,58.0,25.0,50.0,75.0,98.0,42.0,51.0,49.0,50,25
1,94,3.7600000000000002,79.0,79.0,79.0,53.0,50.0,53.0,53.0,53.0,83.0,81.0,3.0,79.0,79.0,79.0,79.0,50.0,53.0,53.0,53.0,78.0,80.0,4.0,42.0,42.0,58.0,75.0,25.0,50.0,75.0,98.0,44.0,59.0,48.0,42.0,58.0,58.0,58.0,25.0,50.0,75.0,98.0,43.0,50.0,48.0,50,25
1,95,3.8000000000000003,79.0,79.0,79.0,53.0,50.0,53.0,53.0,53.0,82.0,80.0,2.0,79.0,79.0,79.0,79.0,50.0,53.0,53.0,53.0,77.0,79.0,3.0,42.0,42.0,58.0,75.0,25.0,50.0,75.0,98.0,43.0,58.0,47.0,42.0,58.0,58.0,58.0,25.0,50.0,75.0,98.0,42.0,49.0,48.0,50,25
1,96,3.84,79.0,79.0,79.0,53.0,50.0,53.0,53.0,53.0,82.0,81.0,2.0,79.0,79.0,79.0,79.0,50.0,53.0,53.0,53.0,76.0,78.0,3.0,42.0,42.0,58.0,75.0,25.0,50.0,75.0,98.0,44.0,57.0,46.0,42.0,58.0,58.0,58.0,25.0,50.0,75.0,98.0,41.0,50.0,49.0,50,25
1,97,3.88,79.0,79.0,79.0,53.0,50.0,53.0,53.0,53.0,81.0,80.0,1.0,79.0,79.0,79.0,79.0,50.0,53.0,53.0,53.0,75.0,77.0,3.0,42.0,42.0,58.0,75.0,25.0,50.0,75.0,98.0,43.0,58.0,47.0,42.0,58.0,58.0,58.0,25.0,50.0,75.0,98.0,40.0,49.0,50.0,50,25
1,98,3.92,79.0,79.0,79.0,53.0,50.0,53.0,53.0,53.0,82.0,79.0,2.0,79.0,79.0,79.0,79.0,50.0,53.0,53.0,53.0,76.0,76.0,2.0,42.0,42.0,58.0,75.0,25.0,50.0,75.0,98.0,42.0,57.0,48.0,42.0,58.0,58.0,58.0,25.0,50.0,75.0,98.0,41.0,48.0,51.0,50,25
1,99,3.96,79.0,79.0,79.0,53.0,50.0,53.0,53.0,53.0,83.0,80.0,1.0,79.0,79.0,79.0,79.0,50.0,53.0,53.0,53.0,75.0,75.0,1.0,42.0,42.0,58.0,75.0,25.0,50.0,75.0,98.0,43.0,56.0,49.0,42.0,58.0,58.0,58.0,25.0,50.0,75.0,98.0,42.0,49.0,52.0,50,25
1,100,4.0,79.0,79.0,79.0,53.0,50.0,53.0,53.0,53.0,84.0,81.0,0.0,79.0,79.0,79.0,79.0,50.0,53.0,53.0,53.0,76.0,74.0,1.0,42.0,42.0,58.0,75.0,25.0,50.0,75.0,98.0,42.0,57.0,48.0,42.0,58.0,58.0,58.0,25.0,50.0,75.0,98.0,43.0,50.0,51.0,50,25
1,101,4.04,79.0,79.0,79.0,53.0,50.0,53.0,53.0,53.0,83.0,80.0,1.0,79.0,79.0,79.0,79.0,50.0,53.0,53.0,53.0,77.0,73.0,0.0,42.0,42.0,58.0,75.0,25.0,50.0,75.0,98.0,43.0,56.0,49.0,42.0,58.0,58.0,58.0,25.0,50.0,75.0,98.0,44.0,49.0,50.0,50,25
1,102,4.08,79.0,79.0,79.0,53.0,50.0,53.0,53.0,53.0,82.0,79.0,0.0,79.0,79.0,79.0,79.0,50.0,53.0,53.0,53.0,76.0,72.0,1.0,42.0,42.0,58.0,75.0,25.0,50.0,75.0,98.0,42.0,55.0,50.0,42.0,58.0,58.0,58.0,25.0,50.0,75.0,98.0,43.0,48.0,49.0,50,25
1,103,4.12,79.0,79.0,79.0,53.0,50.0,53.0,53.0,53.0,81.0,78.0,1.0,79.0,79.0,79.0,79.0,50.0,53.0,53.0,53.0,75.0,73.0,2.0,42.0,42.0,58.0,75.0,25.0,50.0,75.0,98.0,41.0,54.0,49.0,42.0,58.0,58.0,58.0,25.0,50.0,75.0,98.0,44.0,47.0,48.0,50,25
1,104,4.16,79.0,79.0,79.0,53.0,50.0,53.0,53.0,53.0,80.0,79.0,2.0,79.0,79.0,79.0,79.0,50.0,53.0,53.0,53.0,74.0,74.0,1.0,42.0,42.0,58.0,75.0,25.0,50.0,75.0,98.0,42.0,55.0,48.0,42.0,58.0,58.0,58.0,25.0,50.0,75.0,98.0,45.0,48.0,49.0,50,25
1,105,4.2,79.0,79.0,79.0,53.0,50.0,53.0,53.0,53.0,79.0,80.0,3.0,79.0,79.0,79.0,79.0,50.0,53.0,53.0,53.0,75.0,75.0,0.0,42.0,42.0,58.0,75.0,25.0,50.0,75.0,98.0,41.0,56.0,49.0,42.0,58.0,58.0,58.0,25.0,50.0,75.0,98.0,46.0,47.0,48.0,50,25
1,106,4.24,79.0,79.0,79.0,53.0,50.0,53.0,53.0,53.0,78.0,79.0,2.0,79.0,79.0,79.0,79.0,50.0,53.0,53.0,53.0,76.0,76.0,0.0,42.0,42.0,58.0,75.0,25.0,50.0,75.0,98.0,40.0,57.0,49.0,42.0,58.0,58.0,58.0,25.0,50.0,75.0,98.0,47.0,48.0,48.0,50,25
1,107,4.28,79.0,79.0,79.0,53.0,50.0,53.0,53.0,53.0,79.0,78.0,1.0,79.0,79.0,79.0,79.0,50.0,53.0,53.0,53.0,75.0,75.0,0.0,42.0,42.0,58.0,75.0,25.0,50.0,75.0,98.0,39.0,56.0,48.0,42.0,58.0,58.0,58.0,25.0,50.0,75.0,98.0,48.0,47.0,47.0,50,25
1,108,4.32,79.0,79.0,79.0,53.0,50.0,53.0,53.0,53.0,80.0,77.0,1.0,79.0,79.0,79.0,79.0,50.0,53.0,53.0,53.0,74.0,76.0,1.0,42.0,42.0,58.0,75.0,25.0,50.0,75.0,98.0,38.0,55.0,49.0,42.0,58.0,58.0,58.0,25.0,50.0,75.0,98.0,49.0,48.0,48.0,50,25
1,109,4.36,79.0,79.0,79.0,53.0,50.0,53.0,53.0,53.0,79.0,78.0,2.0,79.0,79.0,79.0,79.0,50.0,53.0,53.0,53.0,75.0,75.0,2.0,42.0,42.0,58.0,75.0,25.0,50.0,75.0,98.0,39.0,56.0,48.0,42.0,58.0,58.0,58.0,25.0,50.0,75.0,98.0,48.0,47.0,49.0,50,25
1,110,4.4,79.0,79.0,79.0,53.0,50.0,53.0,53.0,53.0,80.0,77.0,3.0,79.0,79.0,79.0,79.0,50.0,53.0,53.0,53.0,75.0,74.0,2.0,42.0,42.0,58.0,75.0,25.0,50.0,75.0,98.0,40.0,56.0,47.0,42.0,58.0,58.0,58.0,25.0,50.0,75.0,98.0,49.0,48.0,50.0,50,25
1,111,4.44,79.0,79.0,79.0,53.0,50.0,53.0,53.0,53.0,81.0,76.0,4.0,79.0,79.0,79.0,79.0,50.0,53.0,53.0,53.0,76.0,73.0,1.0,42.0,42.0,58.0,75.0,25.0,50.0,75.0,98.0,41.0,55.0,48.0,42.0,58.0,58.0,58.0,25.0,50.0,75.0,98.0,48.0,47.0,51.0,50,25
1,112,4.48,79.0,79.0,79.0,53.0,50.0,53.0,53.0,53.0,82.0,77.0,3.0,79.0,79.0,79.0,79.0,50.0,53.0,53.0,53.0,77.0,74.0,2.0,42.0,42.0,58.0,75.0,25.0,50.0,75.0,98.0,40.0,56.0,49.0,42.0,58.0,58.0,58.0,25.0,50.0,75.0,98.0,47.0,48.0,50.0,50,25
1,113,4.5200000000000005,79.0,79.0,79.0,53.0,50.0,53.0,53.0,53.0,81.0,76.0,2.0,79.0,79.0,79.0,79.0,50.0,53.0,53.0,53.0,78.0,73.0,2.0,42.0,42.0,58.0,75.0,25.0,50.0,75.0,98.0,39.0,57.0,48.0,42.0,58.0,58.0,58.0,25.0,50.0,75.0,98.0,48.0,49.0,50.0,50,25
1,114,4.5600000000000005,79.0,79.0,79.0,53.0,50.0,53.0,53.0,53.0,82.0,75.0,3.0,79.0,79.0,79.0,79.0,50.0,53.0,53.0,53.0,77.0,74.0,3.0,42.0,42.0,58.0,75.0,25.0,50.0,75.0,98.0,40.0,56.0,48.0,42.0,58.0,58.0,58.0,25.0,50.0,75.0,98.0,47.0,50.0,50.0,50,25
1,115,4.6000000000000005,79.0,79.0,79.0,53.0,50.0,53.0,53.0,53.0,81.0,76.0,4.0,79.0,79.0,79.0,79.0,50.0,53.0,53.0,53.0,76.0,73.0,2.0,42.0,42.0,58.0,75.0,25.0,50.0,75.0,98.0,39.0,55.0,49.0,42.0,58.0,58.0,58.0,25.0,50.0,75.0,98.0,48.0,51.0,49.0,50,25
1,116,4.64,79.0,79.0,79.0,53.0,50.0,53.0,53.0,53.0,82.0,77.0,3.0,79.0,79.0,79.0,79.0,50.0,53.0,53.0,53.0,77.0,74.0,1.0,42.0,42.0,58.0,75.0,25.0,50.0,75.0,98.0,40.0,54.0,50.0,42.0,58.0,58.0,58.0,25.0,50.0,75.0,98.0,47.0,50.0,49.0,50,25
1,117,4.68,79.0,79.0,79.0,53.0,50.0,53.0,53.0,53.0,83.0,76.0,2.0,79.0,79.0,79.0,79.0,50.0,53.0,53.0,53.0,76.0,75.0,1.0,42.0,42.0,58.0,75.0,25.0,50.0,75.0,98.0,39.0,55.0,49.0,42.0,58.0,58.0,58.0,25.0,50.0,75.0,98.0,48.0,51.0,49.0,50,25
1,118,4.72,79.0,79.0,79.0,53.0,50.0,53.0,53.0,53.0,82.0,75.0,1.0,79.0,79.0,79.0,79.0,50.0,53.0,53.0,53.0,77.0,74.0,0.0,42.0,42.0,58.0,75.0,25.0,50.0,75.0,98.0,40.0,54.0,50.0,42.0,58.0,58.0,58.0,25.0,50.0,75.0,98.0,49.0,52.0,49.0,50,25
1,119,4.76,79.0,79.0,79.0,53.0,50.0,53.0,53.0,53.0,81.0,76.0,2.0,79.0,79.0,79.0,79.0,50.0,53.0,53.0,53.0,78.0,75.0,1.0,42.0,42.0,58.0,75.0,25.0,50.0,75.0,98.0,39.0,53.0,49.0,42.0,58.0,58.0,58.0,25.0,50.0,75.0,98.0,48.0,53.0,49.0,50,25
1,120,4.8,79.0,79.0,79.0,53.0,50.0,53.0,53.0,53.0,82.0,77.0,1.0,79.0,79.0,79.0,79.0,50.0,53.0,53.0,53.0,77.0,76.0,1.0,42.0,42.0,58.0,75.0,25.0,50.0,75.0,98.0,38.0,54.0,50.0,42.0,58.0,58.0,58.0,25.0,50.0,75.0,98.0,49.0,52.0,48.0,50,25
1,121,4.84,79.0,79.0,79.0,53.0,50.0,53.0,53.0,53.0,81.0,78.0,2.0,79.0,79.0,79.0,79.0,50.0,53.0,53.0,53.0,78.0,77.0,1.0,42.0,42.0,58.0,75.0,25.0,50.0,75.0,98.0,39.0,55.0,50.0,42.0,58.0,58.0,58.0,25.0,50.0,75.0,98.0,48.0,53.0,49.0,50,25
1,122,4.88,79.0,79.0,79.0,53.0,50.0,53.0,53.0,53.0,80.0,79.0,3.0,79.0,79.0,79.0,79.0,50.0,53.0,53.0,53.0,79.0,76.0,2.0,42.0,42.0,58.0,75.0,25.0,50.0,75.0,98.0,40.0,54.0,49.0,42.0,58.0,58.0,58.0,25.0,50.0,75.0,98.0,47.0,54.0,50.0,50,25
1,123,4.92,79.0,79.0,79.0,53.0,50.0,53.0,53.0,53.0,81.0,80.0,2.0,79.0,79.0,79.0,79.0,50.0,53.0,53.0,53.0,80.0,75.0,3.0,42.0,42.0,58.0,75.0,25.0,50.0,75.0,98.0,41.0,55.0,50.0,42.0,58.0,58.0,58.0,25.0,50.0,75.0,98.0,46.0,53.0,51.0,50,25
1,124,4.96,79.0,79.0,79.0,53.0,50.0,53.0,53.0,53.0,80.0,81.0,1.0,79.0,79.0,79.0,79.0,50.0,53.0,53.0,53.0,81.0,74.0,4.0,42.0,42.0,58.0,75.0,25.0,50.0,75.0,98.0,42.0,56.0,51.0,42.0,58.0,58.0,58.0,25.0,50.0,75.0,98.0,47.0,52.0,52.0,50,25
1,125,5.0,79.0,79.0,79.0,53.0,50.0,53.0,53.0,53.0,81.0,80.0,2.0,79.0,79.0,79.0,79.0,50.0,53.0,53.0,53.0,82.0,75.0,3.0,42.0,42.0,58.0,75.0,25.0,50.0,75.0,98.0,41.0,57.0,51.0,42.0,58.0,58.0,58.0,25.0,50.0,75.0,98.0,46.0,53.0,51.0,50,25
1,126,5.04,79.0,79.0,79.0,53.0,50.0,53.0,53.0,53.0,80.0,79.0,1.0,79.0,79.0,79.0,79.0,50.0,53.0,53.0,53.0,83.0,76.0,2.0,42.0,42.0,58.0,75.0,25.0,50.0,75.0,98.0,42.0,58.0,50.0,42.0,58.0,58.0,58.0,25.0,50.0,75.0,98.0,47.0,54.0,50.0,50,25
1,127,5.08,79.0,79.0,79.0,53.0,50.0,53.0,53.0,53.0,81.0,80.0,0.0,79.0,79.0,79.0,79.0,50.0,53.0,53.0,53.0,82.0,77.0,3.0,42.0,42.0,58.0,75.0,25.0,50.0,75.0,98.0,43.0,57.0,49.0,42.0,58.0,58.0,58.0,25.0,50.0,75.0,98.0,46.0,55.0,51.0,50,25
1,128,5.12,79.0,79.0,79.0,53.0,50.0,53.0,53.0,53.0,82.0,79.0,1.0,79.0,79.0,79.0,79.0,50.0,53.0,53.0,53.0,81.0,78.0,4.0,42.0,42.0,58.0,75.0,25.0,50.0,75.0,98.0,42.0,56.0,48.0,42.0,58.0,58.0,58.0,25.0,50.0,75.0,98.0,47.0,56.0,50.0,50,25
1,129,5.16,79.0,79.0,79.0,53.0,50.0,53.0,53.0,53.0,83.0,78.0,0.0,79.0,79.0,79.0,79.0,50.0,53.0,53.0,53.0,80.0,77.0,3.0,42.0,42.0,58.0,75.0,25.0,50.0,75.0,98.0,41.0,57.0,49.0,42.0,58.0,58.0,58.0,25.0,50.0,75.0,98.0,46.0,55.0,51.0,50,25
1,130,5.2,79.0,79.0,79.0,53.0,50.0,53.0,53.0,53.0,82.0,77.0,1.0,79.0,79.0,79.0,79.0,50.0,53.0,53.0,53.0,79.0,78.0,2.0,42.0,42.0,58.0,75.0,25.0,50.0,75.0,98.0,42.0,56.0,48.0,42.0,58.0,58.0,58.0,25.0,50.0,75.0,98.0,46.0,56.0,52.0,50,25
1,131,5.24,79.0,79.0,79.0,53.0,50.0,53.0,53.0,53.0,81.0,78.0,2.0,79.0,79.0,79.0,79.0,50.0,53.0,53.0,53.0,78.0,77.0,3.0,42.0,42.0,58.0,75.0,25.0,50.0,75.0,98.0,43.0,55.0,47.0,42.0,58.0,58.0,58.0,25.0,50.0,75.0,98.0,47.0,57.0,53.0,50,25
1,132,5.28,79.0,79.0,79.0,53.0,50.0,53.0,53.0,53.0,80.0,79.0,3.0,79.0,79.0,79.0,79.0,50.0,53.0,53.0,53.0,79.0,76.0,4.0,42.0,42.0,58.0,75.0,25.0,50.0,75.0,98.0,44.0,54.0,48.0,42.0,58.0,58.0,58.0,25.0,50.0,75.0,98.0,48.0,56.0,52.0,50,25
1,133,5.32,79.0,79.0,79.0,53.0,50.0,53.0,53.0,53.0,81.0,78.0,2.0,79.0,79.0,79.0,79.0,50.0,53.0,53.0,53.0,78.0,77.0,4.0,42.0,42.0,58.0,75.0,25.0,50.0,75.0,98.0,45.0,53.0,47.0,42.0,58.0,58.0,58.0,25.0,50.0,75.0,98.0,47.0,55.0,51.0,50,25
1,134,5.36,79.0,79.0,79.0,53.0,50.0,53.0,53.0,53.0,82.0,79.0,3.0,79.0,79.0,79.0,79.0,50.0,53.0,53.0,53.0,77.0,78.0,3.0,42.0,42.0,58.0,75.0,25.0,50.0,75.0,98.0,46.0,52.0,48.0,42.0,58.0,58.0,58.0,25.0,50.0,75.0,98.0,48.0,54.0,51.0,50,25
1,135,5.4,79.0,79.0,79.0,53.0,50.0,53.0,53.0,53.0,83.0,80.0,4.0,79.0,79.0,79.0,79.0,50.0,53.0,53.0,53.0,78.0,79.0,2.0,42.0,42.0,58.0,75.0,25.0,50.0,75.0,98.0,45.0,51.0,47.0,42.0,58.0,58.0,58.0,25.0,50.0,75.0,98.0,49.0,53.0,50.0,50,25
1,136,5.44,79.0,79.0,79.0,53.0,50.0,53.0,53.0,53.0,82.0,81.0,3.0,79.0,79.0,79.0,79.0,50.0,53.0,53.0,53.0,77.0,80.0,3.0,42.0,42.0,58.0,75.0,25.0,50.0,75.0,98.0,44.0,52.0,46.0,42.0,58.0,58.0,58.0,25.0,50.0,75.0,98.0,50.0,54.0,49.0,50,25
1,137,5.48,79.0,79.0,79.0,53.0,50.0,53.0,53.0,53.0,81.0,82.0,4.0,79.0,79.0,79.0,79.0,50.0,53.0,53.0,53.0,78.0,81.0,2.0,42.0,42.0,58.0,75.0,25.0,50.0,75.0,98.0,43.0,51.0,47.0,42.0,58.0,58.0,58.0,25.0,50.0,75.0,98.0,51.0,55.0,49.0,50,25
1,138,5.5200000000000005,79.0,79.0,79.0,53.0,50.0,53.0,53.0,53.0,82.0,83.0,3.0,79.0,79.0,79.0,79.0,50.0,53.0,53.0,53.0,77.0,80.0,2.0,42.0,42.0,58.0,75.0,25.0,50.0,75.0,98.0,44.0,50.0,48.0,42.0,58.0,58.0,58.0,25.0,50.0,75.0,98.0,50.0,56.0,50.0,50,25
1,139,5.5600000000000005,79.0,79.0,79.0,53.0,50.0,53.0,53.0,53.0,81.0,82.0,4.0,79.0,79.0,79.0,79.0,50.0,53.0,53.0,53.0,78.0,81.0,1.0,42.0,42.0,58.0,75.0,25.0,50.0,75.0,98.0,45.0,51.0,49.0,42.0,58.0,58.0,58.0,25.0,50.0,75.0,98.0,49.0,55.0,51.0,50,25
1,140,5.6000000000000005,79.0,79.0,79.0,53.0,50.0,53.0,53.0,53.0,82.0,83.0,3.0,79.0,79.0,79.0,79.0,50.0,53.0,53.0,53.0,79.0,82.0,0.0,42.0,42.0,58.0,75.0,25.0,50.0,75.0,98.0,44.0,52.0,48.0,42.0,58.0,58.0,58.0,25.0,50.0,75.0,98.0,48.0,56.0,51.0,50,25
1,141,5.64,79.0,79.0,79.0,53.0,50.0,53.0,53.0,53.0,83.0,84.0,2.0,79.0,79.0,79.0,79.0,50.0,53.0,53.0,53.0,78.0,82.0,1.0,42.0,42.0,58.0,75.0,25.0,50.0,75.0,98.0,45.0,53.0,49.0,42.0,58.0,58.0,58.0,25.0,50.0,75.0,98.0,47.0,57.0,50.0,50,25
1,142,5.68,79.0,79.0,79.0,53.0,50.0,53.0,53.0,53.0,82.0,83.0,1.0,79.0,79.0,79.0,79.0,50.0,53.0,53.0,53.0,79.0,83.0,2.0,42.0,42.0,58.0,75.0,25.0,50.0,75.0,98.0,46.0,53.0,48.0,42.0,58.0,58.0,58.0,25.0,50.0,75.0,98.0,48.0,56.0,49.0,50,25
1,143,5.72,79.0,79.0,79.0,53.0,50.0,53.0,53.0,53.0,81.0,84.0,2.0,79.0,79.0,79.0,79.0,50.0,53.0,53.0,53.0,78.0,84.0,3.0,42.0,42.0,58.0,75.0,25.0,50.0,75.0,98.0,45.0,54.0,48.0,42.0,58.0,58.0,58.0,25.0,50.0,75.0,98.0,47.0,57.0,50.0,50,25
1,144,5.76,79.0,79.0,79.0,53.0,50.0,53.0,53.0,53.0,80.0,83.0,3.0,79.0,79.0,79.0,79.0,50.0,53.0,53.0,53.0,77.0,85.0,4.0,42.0,42.0,58.0,75.0,25.0,50.0,75.0,98.0,46.0,55.0,49.0,42.0,58.0,58.0,58.0,25.0,50.0,75.0,98.0,46.0,56.0,51.0,50,25
1,145,5.8,79.0,79.0,79.0,53.0,50.0,53.0,53.0,53.0,79.0,82.0,2.0,79.0,79.0,79.0,79.0,50.0,53.0,53.0,53.0,78.0,84.0,3.0,42.0,42.0,58.0,75.0,25.0,50.0,75.0,98.0,47.0,54.0,48.0,42.0,58.0,58.0,58.0,25.0,50.0,75.0,98.0,45.0,55.0,50.0,50,25
1,146,5.84,79.0,79.0,79.0,53.0,50.0,53.0,53.0,53.0,80.0,83.0,1.0,79.0,79.0,79.0,79.0,50.0,53.0,53.0,53.0,77.0,83.0,2.0,42.0,42.0,58.0,75.0,25.0,50.0,75.0,98.0,46.0,53.0,49.0,42.0,58.0,58.0,58.0,25.0,50.0,75.0,98.0,44.0,56.0,49.0,50,25
1,147,5.88,79.0,79.0,79.0,53.0,50.0,53.0,53.0,53.0,81.0,82.0,2.0,79.0,79.0,79.0,79.0,50.0,53.0,53.0,53.0,76.0,82.0,2.0,42.0,42.0,58.0,75.0,25.0,50.0,75.0,98.0,47.0,52.0,48.0,42.0,58.0,58.0,58.0,25.0,50.0,75.0,98.0,43.0,57.0,48.0,50,25
1,148,5.92,79.0,79.0,79.0,53.0,50.0,53.0,53.0,53.0,81.0,81.0,1.0,79.0,79.0,79.0,79.0,50.0,53.0,53.0,53.0,75.0,83.0,1.0,42.0,42.0,58.0,75.0,25.0,50.0,75.0,98.0,48.0,53.0,49.0,42.0,58.0,58.0,58.0,25.0,50.0,75.0,98.0,42.0,56.0,49.0,50,25
1,149,5.96,79.0,79.0,79.0,53.0,50.0,53.0,53.0,53.0,82.0,82.0,2.0,79.0,79.0,79.0,79.0,50.0,53.0,53.0,53.0,74.0,84.0,2.0,42.0,42.0,58.0,75.0,25.0,50.0,75.0,98.0,47.0,54.0,48.0,42.0,58.0,58.0,58.0,25.0,50.0,75.0,98.0,43.0,55.0,50.0,50,25
1,150,6.0,79.0,79.0,79.0,53.0,50.0,53.0,53.0,53.0,83.0,83.0,1.0,79.0,79.0,79.0,79.0,50.0,53.0,53.0,53.0,75.0,85.0,3.0,42.0,42.0,58.0,75.0,25.0,50.0,75.0,98.0,48.0,55.0,49.0,42.0,58.0,58.0,58.0,25.0,50.0,75.0,98.0,42.0,55.0,49.0,50,25
1,151,6.04,79.0,79.0,79.0,53.0,50.0,53.0,53.0,53.0,84.0,84.0,1.0,79.0,79.0,79.0,79.0,50.0,53.0,53.0,53.0,74.0,84.0,2.0,42.0,42.0,58.0,75.0,25.0,50.0,75.0,98.0,49.0,56.0,48.0,42.0,58.0,58.0,58.0,25.0,50.0,75.0,98.0,43.0,56.0,50.0,50,25
1,152,6.08,79.0,79.0,79.0,53.0,50.0,53.0,53.0,53.0,83.0,83.0,0.0,79.0,79.0,79.0,79.0,50.0,53.0,53.0,53.0,75.0,83.0,1.0,42.0,42.0,58.0,75.0,25.0,50.0,75.0,98.0,50.0,57.0,49.0,42.0,58.0,58.0,58.0,25.0,50.0,75.0,98.0,44.0,57.0,49.0,50,25
1,153,6.12,79.0,79.0,79.0,53.0,50.0,53.0,53.0,53.0,82.0,82.0,1.0,79.0,79.0,79.0,79.0,50.0,53.0,53.0,53.0,76.0,84.0,1.0,42.0,42.0,58.0,75.0,25.0,50.0,75.0,98.0,49.0,56.0,50.0,42.0,58.0,58.0,58.0,25.0,50.0,75.0,98.0,45.0,58.0,50.0,50,25
1,154,6.16,79.0,79.0,79.0,53.0,50.0,53.0,53.0,53.0,83.0,81.0,2.0,79.0,79.0,79.0,79.0,50.0,53.0,53.0,53.0,75.0,84.0,2.0,42.0,42.0,58.0,75.0,25.0,50.0,75.0,98.0,48.0,55.0,49.0,42.0,58.0,58.0,58.0,25.0,50.0,75.0,98.0,46.0,59.0,49.0,50,25
1,155,6.2,79.0,79.0,79.0,53.0,50.0,53.0,53.0,53.0,84.0,80.0,3.0,79.0,79.0,79.0,79.0,50.0,53.0,53.0,53.0,76.0,83.0,1.0,42.0,42.0,58.0,75.0,25.0,50.0,75.0,98.0,47.0,54.0,50.0,42.0,58.0,58.0,58.0,25.0,50.0,75.0,98.0,47.0,58.0,48.0,50,25
1,156,6.24,79.0,79.0,79.0,53.0,50.0,53.0,53.0,53.0,84.0,81.0,3.0,79.0,79.0,79.0,79.0,50.0,53.0,53.0,53.0,75.0,84.0,2.0,42.0,42.0,58.0,75.0,25.0,50.0,75.0,98.0,48.0,53.0,50.0,42.0,58.0,58.0,58.0,25.0,50.0,75.0,98.0,48.0,59.0,49.0,50,25
1,157,6.28,79.0,79.0,79.0,53.0,50.0,53.0,53.0,53.0,85.0,82.0,2.0,79.0,79.0,79.0,79.0,50.0,53.0,53.0,53.0,76.0,85.0,1.0,42.0,42.0,58.0,75.0,25.0,50.0,75.0,98.0,49.0,52.0,51.0,42.0,58.0,58.0,58.0,25.0,50.0,75.0,98.0,49.0,60.0,50.0,50,25
1,158,6.32,79.0,79.0,79.0,53.0,50.0,53.0,53.0,53.0,84.0,83.0,2.0,79.0,79.0,79.0,79.0,50.0,53.0,53.0,53.0,75.0,84.0,2.0,42.0,42.0,58.0,75.0,25.0,50.0,75.0,98.0,50.0,53.0,52.0,42.0,58.0,58.0,58.0,25.0,50.0,75.0,98.0,48.0,59.0,51.0,50,25
1,159,6.36,79.0,79.0,79.0,53.0,50.0,53.0,53.0,53.0,83.0,82.0,3.0,79.0,79.0,79.0,79.0,50.0,53.0,53.0,53.0,76.0,85.0,3.0,42.0,42.0,58.0,75.0,25.0,50.0,75.0,98.0,51.0,54.0,52.0,42.0,58.0,58.0,58.0,25.0,50.0,75.0,98.0,49.0,58.0,50.0,50,25
1,160,6.4,79.0,79.0,79.0,53.0,50.0,53.0,53.0,53.0,82.0,81.0,4.0,79.0,79.0,79.0,79.0,50.0,53.0,53.0,53.0,75.0,84.0,3.0,42.0,42.0,58.0,75.0,25.0,50.0,75.0,98.0,52.0,55.0,51.0,42.0,58.0,58.0,58.0,25.0,50.0,75.0,98.0,50.0,59.0,49.0,50,25
1,161,6.44,79.0,79.0,79.0,53.0,50.0,53.0,53.0,53.0,81.0,80.0,3.0,79.0,79.0,79.0,79.0,50.0,53.0,53.0,53.0,74.0,85.0,2.0,42.0,42.0,58.0,75.0,25.0,50.0,75.0,98.0,53.0,54.0,52.0,42.0,58.0,58.0,58.0,25.0,50.0,75.0,98.0,51.0,60.0,50.0,50,25
1,162,6.48,79.0,79.0,79.0,53.0,50.0,53.0,53.0,53.0,82.0,81.0,4.0,79.0,79.0,79.0,79.0,50.0,53.0,53.0,53.0,75.0,84.0,1.0,42.0,42.0,58.0,75.0,25.0,50.0,75.0,98.0,54.0,55.0,51.0,42.0,58.0,58.0,58.0,25.0,50.0,75.0,98.0,50.0,59.0,51.0,50,25
1,163,6.5200000000000005,79.0,79.0,79.0,53.0,50.0,53.0,53.0,53.0,83.0,80.0,3.0,79.0,79.0,79.0,79.0,50.0,53.0,53.0,53.0,74.0,85.0,2.0,42.0,42.0,58.0,75.0,25.0,50.0,75.0,98.0,53.0,54.0,50.0,42.0,58.0,58.0,58.0,25.0,50.0,75.0,98.0,51.0,58.0,51.0,50,25
1,164,6.5600000000000005,79.0,79.0,79.0,53.0,50.0,53.0,53.0,53.0,82.0,79.0,2.0,79.0,79.0,79.0,79.0,50.0,53.0,53.0,53.0,75.0,84.0,1.0,42.0,42.0,58.0,75.0,25.0,50.0,75.0,98.0,54.0,53.0,49.0,42.0,58.0,58.0,58.0,25.0,50.0,75.0,98.0,50.0,59.0,50.0,50,25
1,165,6.6000000000000005,79.0,79.0,79.0,53.0,50.0,53.0,53.0,53.0,81.0,78.0,2.0,79.0,79.0,79.0,79.0,50.0,53.0,53.0,53.0,76.0,83.0,2.0,42.0,42.0,58.0,75.0,25.0,50.0,75.0,98.0,53.0,54.0,49.0,42.0,58.0,58.0,58.0,25.0,50.0,75.0,98.0,51.0,58.0,49.0,50,25
1,166,6.640000000000001,79.0,79.0,79.0,53.0,50.0,53.0,53.0,53.0,82.0,79.0,1.0,79.0,79.0,79.0,79.0,50.0,53.0,53.0,53.0,77.0,82.0,1.0,42.0,42.0,58.0,75.0,25.0,50.0,75.0,98.0,52.0,53.0,50.0,42.0,58.0,58.0,58.0,25.0,50.0,75.0,98.0,50.0,57.0,48.0,50,25
1,167,6.68,79.0,79.0,79.0,53.0,50.0,53.0,53.0,53.0,81.0,80.0,0.0,79.0,79.0,79.0,79.0,50.0,53.0,53.0,53.0,76.0,81.0,2.0,42.0,42.0,58.0,75.0,25.0,50.0,75.0,98.0,53.0,54.0,49.0,42.0,58.0,58.0,58.0,25.0,50.0,75.0,98.0,49.0,56.0,49.0,50,25
1,168,6.72,79.0,79.0,79.0,53.0,50.0,53.0,53.0,53.0,80.0,81.0,1.0,79.0,79.0,79.0,79.0,50.0,53.0,53.0,53.0,75.0,82.0,1.0,42.0,42.0,58.0,75.0,25.0,50.0,75.0,98.0,54.0,55.0,50.0,42.0,58.0,58.0,58.0,25.0,50.0,75.0,98.0,48.0,57.0,48.0,50,25
1,169,6.76,79.0,79.0,79.0,53.0,50.0,53.0,53.0,53.0,79.0,80.0,2.0,79.0,79.0,79.0,79.0,50.0,53.0,53.0,53.0,74.0,81.0,1.0,42.0,42.0,58.0,75.0,25.0,50.0,75.0,98.0,55.0,56.0,51.0,42.0,58.0,58.0,58.0,25.0,50.0,75.0,98.0,49.0,56.0,49.0,50,25
1,170,6.8,79.0,79.0,79.0,53.0,50.0,53.0,53.0,53.0,80.0,79.0,3.0,79.0,79.0,79.0,79.0,50.0,53.0,53.0,53.0,75.0,82.0,2.0,42.0,42.0,58.0,75.0,25.0,50.0,75.0,98.0,56.0,57.0,50.0,42.0,58.0,58.0,58.0,25.0,50.0,75.0,98.0,48.0,57.0,50.0,50,25
1,171,6.84,79.0,79.0,79.0,53.0,50.0,53.0,53.0,53.0,79.0,80.0,2.0,79.0,79.0,79.0,79.0,50.0,53.0,53.0,53.0,74.0,83.0,2.0,42.0,42.0,58.0,75.0,25.0,50.0,75.0,98.0,57.0,56.0,51.0,42.0,58.0,58.0,58.0,25.0,50.0,75.0,98.0,47.0,56.0,49.0,50,25
1,172,6.88,79.0,79.0,79.0,53.0,50.0,53.0,53.0,53.0,80.0,79.0,1.0,79.0,79.0,79.0,79.0,50.0,53.0,53.0,53.0,75.0,82.0,3.0,42.0,42.0,58.0,75.0,25.0,50.0,75.0,98.0,58.0,55.0,51.0,42.0,58.0,58.0,58.0,25.0,50.0,75.0,98.0,48.0,57.0,48.0,50,25
1,173,6.92,79.0,79.0,79.0,53.0,50.0,53.0,53.0,53.0,79.0,79.0,2.0,79.0,79.0,79.0,79.0,50.0,53.0,53.0,53.0,76.0,81.0,4.0,42.0,42.0,58.0,75.0,25.0,50.0,75.0,98.0,59.0,54.0,50.0,42.0,58.0,58.0,58.0,25.0,50.0,75.0,98.0,49.0,56.0,47.0,50,25
1,174,6.96,79.0,79.0,79.0,53.0,50.0,53.0,53.0,53.0,78.0,78.0,1.0,79.0,79.0,79.0,79.0,50.0,53.0,53.0,53.0,75.0,80.0,3.0,42.0,42.0,58.0,75.0,25.0,50.0,75.0,98.0,58.0,53.0,49.0,42.0,58.0,58.0,58.0,25.0,50.0,75.0,98.0,50.0,55.0,48.0,50,25
1,175,7.0,79.0,79.0,79.0,53.0,50.0,53.0,53.0,53.0,77.0,77.0,2.0,79.0,79.0,79.0,79.0,50.0,53.0,53.0,53.0,76.0,81.0,2.0,42.0,42.0,58.0,75.0,25.0,50.0,75.0,98.0,59.0,52.0,48.0,42.0,58.0,58.0,58.0,25.0,50.0,75.0,98.0,51.0,54.0,49.0,50,25
1,176,7.04,79.0,79.0,79.0,53.0,50.0,53.0,53.0,53.0,78.0,78.0,2.0,79.0,79.0,79.0,79.0,50.0,53.0,53.0,53.0,77.0,82.0,3.0,42.0,42.0,58.0,75.0,25.0,50.0,75.0,98.0,58.0,51.0,49.0,42.0,58.0,58.0,58.0,25.0,50.0,75.0,98.0,52.0,55.0,50.0,50,25
1,177,7.08,79.0,79.0,79.0,53.0,50.0,53.0,53.0,53.0,79.0,79.0,1.0,79.0,79.0,79.0,79.0,50.0,53.0,53.0,53.0,78.0,81.0,2.0,42.0,42.0,58.0,75.0,25.0,50.0,75.0,98.0,57.0,50.0,48.0,42.0,58.0,58.0,58.0,25.0,50.0,75.0,98.0,51.0,54.0,49.0,50,25
1,178,7.12,79.0,79.0,79.0,53.0,50.0,53.0,53.0,53.0,80.0,78.0,1.0,79.0,79.0,79.0,79.0,50.0,53.0,53.0,53.0,77.0,80.0,2.0,42.0,42.0,58.0,75.0,25.0,50.0,75.0,98.0,56.0,51.0,49.0,42.0,58.0,58.0,58.0,25.0,50.0,75.0,98.0,50.0,55.0,50.0,50,25
1,179,7.16,79.0,79.0,79.0,53.0,50.0,53.0,53.0,53.0,79.0,79.0,2.0,79.0,79.0,79.0,79.0,50.0,53.0,53.0,53.0,76.0,79.0,2.0,42.0,42.0,58.0,75.0,25.0,50.0,75.0,98.0,57.0,52.0,50.0,42.0,58.0,58.0,58.0,25.0,50.0,75.0,98.0,51.0,56.0,51.0,50,25
1,180,7.2,79.0,79.0,79.0,53.0,50.0,53.0,53.0,53.0,78.0,78.0,1.0,79.0,79.0,79.0,79.0,50.0,53.0,53.0,53.0,77.0,80.0,1.0,42.0,42.0,58.0,75.0,25.0,50.0,75.0,98.0,58.0,51.0,49.0,42.0,58.0,58.0,58.0,25.0,50.0,75.0,98.0,50.0,55.0,50.0,50,25
1,181,7.24,79.0,79.0,79.0,53.0,50.0,53.0,53.0,53.0,79.0,77.0,2.0,79.0,79.0,79.0,79.0,50.0,53.0,53.0,53.0,78.0,81.0,2.0,42.0,42.0,58.0,75.0,25.0,50.0,75.0,98.0,57.0,50.0,50.0,42.0,58.0,58.0,58.0,25.0,50.0,75.0,98.0,51.0,54.0,51.0,50,25
1,182,7.28,79.0,79.0,79.0,53.0,50.0,53.0,53.0,53.0,78.0,78.0,1.0,79.0,79.0,79.0,79.0,50.0,53.0,53.0,53.0,79.0,80.0,3.0,42.0,42.0,58.0,75.0,25.0,50.0,75.0,98.0,58.0,49.0,49.0,42.0,58.0,58.0,58.0,25.0,50.0,75.0,98.0,50.0,53.0,50.0,50,25
1,183,7.32,79.0,79.0,79.0,53.0,50.0,53.0,53.0,53.0,79.0,79.0,1.0,79.0,79.0,79.0,79.0,50.0,53.0,53.0,53.0,78.0,81.0,2.0,42.0,42.0,58.0,75.0,25.0,50.0,75.0,98.0,59.0,48.0,50.0,42.0,58.0,58.0,58.0,25.0,50.0,75.0,98.0,51.0,54.0,49.0,50,25
1,184,7.36,79.0,79.0,79.0,53.0,50.0,53.0,53.0,53.0,78.0,80.0,2.0,79.0,79.0,79.0,79.0,50.0,53.0,53.0,53.0,79.0,82.0,3.0,42.0,42.0,58.0,75.0,25.0,50.0,75.0,98.0,58.0,49.0,49.0,42.0,58.0,58.0,58.0,25.0,50.0,75.0,98.0,52.0,53.0,48.0,50,25
1,185,7.4,79.0,79.0,79.0,53.0,50.0,53.0,53.0,53.0,79.0,81.0,3.0,79.0,79.0,79.0,79.0,50.0,53.0,53.0,53.0,78.0,83.0,2.0,42.0,42.0,58.0,75.0,25.0,50.0,75.0,98.0,57.0,50.0,50.0,42.0,58.0,58.0,58.0,25.0,50.0,75.0,98.0,51.0,54.0,47.0,50,25
1,186,7.44,79.0,79.0,79.0,53.0,50.0,53.0,53.0,53.0,78.0,80.0,2.0,79.0,79.0,79.0,79.0,50.0,53.0,53.0,53.0,79.0,84.0,1.0,42.0,42.0,58.0,75.0,25.0,50.0,75.0,98.0,58.0,49.0,50.0,42.0,58.0,58.0,58.0,25.0,50.0,75.0,98.0,52.0,53.0,48.0,50,25
1,187,7.48,79.0,79.0,79.0,53.0,50.0,53.0,53.0,53.0,79.0,79.0,1.0,79.0,79.0,79.0,79.0,50.0,53.0,53.0,53.0,78.0,83.0,0.0,42.0,42.0,58.0,75.0,25.0,50.0,75.0,98.0,59.0,50.0,49.0,42.0,58.0,58.0,58.0,25.0,50.0,75.0,98.0,53.0,54.0,49.0,50,25
1,188,7.5200000000000005,79.0,79.0,79.0,53.0,50.0,53.0,53.0,53.0,80.0,78.0,2.0,79.0,79.0,79.0,79.0,50.0,53.0,53.0,53.0,79.0,82.0,1.0,42.0,42.0,58.0,75.0,25.0,50.0,75.0,98.0,58.0,49.0,50.0,42.0,58.0,58.0,58.0,25.0,50.0,75.0,98.0,54.0,53.0,48.0,50,25
1,189,7.5600000000000005,79.0,79.0,79.0,53.0,50.0,53.0,53.0,53.0,79.0,79.0,3.0,79.0,79.0,79.0,79.0,50.0,53.0,53.0,53.0,78.0,81.0,1.0,42.0,42.0,58.0,75.0,25.0,50.0,75.0,98.0,57.0,48.0,49.0,42.0,58.0,58.0,58.0,25.0,50.0,75.0,98.0,53.0,54.0,49.0,50,25
1,190,7.6000000000000005,79.0,79.0,79.0,53.0,50.0,53.0,53.0,53.0,80.0,80.0,2.0,79.0,79.0,79.0,79.0,50.0,53.0,53.0,53.0,79.0,82.0,2.0,42.0,42.0,58.0,75.0,25.0,50.0,75.0,98.0,58.0,49.0,49.0,42.0,58.0,58.0,58.0,25.0,50.0,75.0,98.0,52.0,53.0,48.0,50,25
1,191,7.640000000000001,79.0,79.0,79.0,53.0,50.0,53.0,53.0,53.0,80.0,79.0,1.0,79.0,79.0,79.0,79.0,50.0,53.0,53.0,53.0,78.0,81.0,1.0,42.0,42.0,58.0,75.0,25.0,50.0,75.0,98.0,59.0,50.0,48.0,42.0,58.0,58.0,58.0,25.0,50.0,75.0,98.0,51.0,54.0,49.0,50,25
1,192,7.68,79.0,79.0,79.0,53.0,50.0,53.0,53.0,53.0,81.0,80.0,2.0,79.0,79.0,79.0,79.0,50.0,53.0,53.0,53.0,77.0,80.0,2.0,42.0,42.0,58.0,75.0,25.0,50.0,75.0,98.0,58.0,51.0,49.0,42.0,58.0,58.0,58.0,25.0,50.0,75.0,98.0,50.0,53.0,50.0,50,25
1,193,7.72,79.0,79.0,79.0,53.0,50.0,53.0,53.0,53.0,82.0,79.0,1.0,79.0,79.0,79.0,79.0,50.0,53.0,53.0,53.0,76.0,79.0,3.0,42.0,42.0,58.0,75.0,25.0,50.0,75.0,98.0,57.0,52.0,50.0,42.0,58.0,58.0,58.0,25.0,50.0,75.0,98.0,51.0,52.0,51.0,50,25
1,194,7.76,79.0,79.0,79.0,53.0,50.0,53.0,53.0,53.0,83.0,80.0,2.0,79.0,79.0,79.0,79.0,50.0,53.0,53.0,53.0,77.0,78.0,3.0,42.0,42.0,58.0,75.0,25.0,50.0,75.0,98.0,56.0,53.0,49.0,42.0,58.0,58.0,58.0,25.0,50.0,75.0,98.0,50.0,53.0,52.0,50,25
1,195,7.8,79.0,79.0,79.0,53.0,50.0,53.0,53.0,53.0,82.0,79.0,2.0,79.0,79.0,79.0,79.0,50.0,53.0,53.0,53.0,78.0,77.0,3.0,42.0,42.0,58.0,75.0,25.0,50.0,75.0,98.0,57.0,52.0,48.0,42.0,58.0,58.0,58.0,25.0,50.0,75.0,98.0,51.0,52.0,53.0,50,25
1,196,7.84,79.0,79.0,79.0,53.0,50.0,53.0,53.0,53.0,82.0,78.0,1.0,79.0,79.0,79.0,79.0,50.0,53.0,53.0,53.0,79.0,78.0,3.0,42.0,42.0,58.0,75.0,25.0,50.0,75.0,98.0,56.0,53.0,49.0,42.0,58.0,58.0,58.0,25.0,50.0,75.0,98.0,52.0,51.0,52.0,50,25
1,197,7.88,79.0,79.0,79.0,53.0,50.0,53.0,53.0,53.0,81.0,79.0,1.0,79.0,79.0,79.0,79.0,50.0,53.0,53.0,53.0,78.0,77.0,2.0,42.0,42.0,58.0,75.0,25.0,50.0,75.0,98.0,55.0,54.0,50.0,42.0,58.0,58.0,58.0,25.0,50.0,75.0,98.0,53.0,52.0,51.0,50,25
1,198,7.92,79.0,79.0,79.0,53.0,50.0,53.0,53.0,53.0,80.0,80.0,2.0,79.0,79.0,79.0,79.0,50.0,53.0,53.0,53.0,79.0,78.0,3.0,42.0,42.0,58.0,75.0,25.0,50.0,75.0,98.0,56.0,53.0,51.0,42.0,58.0,58.0,58.0,25.0,50.0,75.0,98.0,54.0,53.0,50.0,50,25
1,199,7.96,79.0,79.0,79.0,53.0,50.0,53.0,53.0,53.0,81.0,79.0,3.0,79.0,79.0,79.0,79.0,50.0,53.0,53.0,53.0,78.0,77.0,2.0,42.0,42.0,58.0,75.0,25.0,50.0,75.0,98.0,55.0,52.0,50.0,42.0,58.0,58.0,58.0,25.0,50.0,75.0,98.0,55.0,52.0,50.0,50,25
1,200,8.0,79.0,79.0,79.0,53.0,50.0,53.0,53.0,53.0,82.0,80.0,4.0,79.0,79.0,79.0,79.0,50.0,53.0,53.0,53.0,77.0,78.0,1.0,42.0,42.0,58.0,75.0,25.0,50.0,75.0,98.0,54.0,51.0,49.0,42.0,58.0,58.0,58.0,25.0,50.0,75.0,98.0,56.0,53.0,51.0,50,25
1,201,8.040000000000001,79.0,79.0,79.0,53.0,50.0,53.0,53.0,53.0,83.0,79.0,4.0,79.0,79.0,79.0,79.0,50.0,53.0,53.0,53.0,78.0,77.0,2.0,42.0,42.0,58.0,75.0,25.0,50.0,75.0,98.0,55.0,50.0,50.0,42.0,58.0,58.0,58.0,25.0,50.0,75.0,98.0,57.0,54.0,52.0,50,25
1,202,8.08,79.0,79.0,79.0,53.0,50.0,53.0,53.0,53.0,84.0,80.0,3.0,79.0,79.0,79.0,79.0,50.0,53.0,53.0,53.0,79.0,78.0,2.0,42.0,42.0,58.0,75.0,25.0,50.0,75.0,98.0,56.0,49.0,49.0,42.0,58.0,58.0,58.0,25.0,50.0,75.0,98.0,58.0,53.0,51.0,50,25
1,203,8.120000000000001,79.0,79.0,79.0,53.0,50.0,53.0,53.0,53.0,83.0,81.0,2.0,79.0,79.0,79.0,79.0,50.0,53.0,53.0,53.0,80.0,77.0,1.0,42.0,42.0,58.0,75.0,25.0,50.0,75.0,98.0,57.0,50.0,48.0,42.0,58.0,58.0,58.0,25.0,50.0,75.0,98.0,57.0,54.0,50.0,50,25
1,204,8.16,79.0,79.0,79.0,53.0,50.0,53.0,53.0,53.0,83.0,80.0,1.0,79.0,79.0,79.0,79.0,50.0,53.0,53.0,53.0,79.0,78.0,2.0,42.0,42.0,58.0,75.0,25.0,50.0,75.0,98.0,58.0,49.0,48.0,42.0,58.0,58.0,58.0,25.0,50.0,75.0,98.0,56.0,55.0,51.0,50,25
1,205,8.2,79.0,79.0,79.0,53.0,50.0,53.0,53.0,53.0,82.0,81.0,1.0,79.0,79.0,79.0,79.0,50.0,53.0,53.0,53.0,80.0,77.0,1.0,42.0,42.0,58.0,75.0,25.0,50.0,75.0,98.0,57.0,50.0,49.0,42.0,58.0,58.0,58.0,25.0,50.0,75.0,98.0,55.0,56.0,50.0,50,25
1,206,8.24,79.0,79.0,79.0,53.0,50.0,53.0,53.0,53.0,83.0,80.0,2.0,79.0,79.0,79.0,79.0,50.0,53.0,53.0,53.0,81.0,78.0,1.0,42.0,42.0,58.0,75.0,25.0,50.0,75.0,98.0,58.0,51.0,48.0,42.0,58.0,58.0,58.0,25.0,50.0,75.0,98.0,54.0,55.0,51.0,50,25
1,207,8.28,79.0,79.0,79.0,53.0,50.0,53.0,53.0,53.0,84.0,79.0,1.0,79.0,79.0,79.0,79.0,50.0,53.0,53.0,53.0,82.0,77.0,2.0,42.0,42.0,58.0,75.0,25.0,50.0,75.0,98.0,57.0,52.0,47.0,42.0,58.0,58.0,58.0,25.0,50.0,75.0,98.0,53.0,56.0,52.0,50,25
1,208,8.32,79.0,79.0,79.0,53.0,50.0,53.0,53.0,53.0,83.0,78.0,0.0,79.0,79.0,79.0,79.0,50.0,53.0,53.0,53.0,81.0,76.0,1.0,42.0,42.0,58.0,75.0,25.0,50.0,75.0,98.0,56.0,53.0,48.0,42.0,58.0,58.0,58.0,25.0,50.0,75.0,98.0,52.0,55.0,51.0,50,25
1,209,8.36,79.0,79.0,79.0,53.0,50.0,53.0,53.0,53.0,84.0,79.0,1.0,79.0,79.0,79.0,79.0,50.0,53.0,53.0,53.0,82.0,76.0,1.0,42.0,42.0,58.0,75.0,25.0,50.0,75.0,98.0,55.0,52.0,48.0,42.0,58.0,58.0,58.0,25.0,50.0,75.0,98.0,51.0,54.0,50.0,50,25
1,210,8.4,79.0,79.0,79.0,53.0,50.0,53.0,53.0,53.0,84.0,80.0,2.0,79.0,79.0,79.0,79.0,50.0,53.0,53.0,53.0,81.0,75.0,2.0,42.0,42.0,58.0,75.0,25.0,50.0,75.0,98.0,56.0,53.0,47.0,42.0,58.0,58.0,58.0,25.0,50.0,75.0,98.0,50.0,55.0,51.0,50,25
1,211,8.44,79.0,79.0,79.0,53.0,50.0,53.0,53.0,53.0,83.0,79.0,3.0,79.0,79.0,79.0,79.0,50.0,53.0,53.0,53.0,82.0,76.0,2.0,42.0,42.0,58.0,75.0,25.0,50.0,75.0,98.0,55.0,54.0,48.0,42.0,58.0,58.0,58.0,25.0,50.0,75.0,98.0,51.0,56.0,52.0,50,25
1,212,8.48,79.0,79.0,79.0,53.0,50.0,53.0,53.0,53.0,84.0,78.0,3.0,79.0,79.0,79.0,79.0,50.0,53.0,53.0,53.0,81.0,75.0,3.0,42.0,42.0,58.0,75.0,25.0,50.0,75.0,98.0,54.0,53.0,49.0,42.0,58.0,58.0,58.0,25.0,50.0,75.0,98.0,52.0,55.0,51.0,50,25
1,213,8.52,79.0,79.0,79.0,53.0,50.0,53.0,53.0,53.0,83.0,79.0,4.0,79.0,79.0,79.0,79.0,50.0,53.0,53.0,53.0,80.0,76.0,2.0,42.0,42.0,58.0,75.0,25.0,50.0,75.0,98.0,55.0,52.0,50.0,42.0,58.0,58.0,58.0,25.0,50.0,75.0,98.0,53.0,56.0,52.0,50,25
1,214,8.56,79.0,79.0,79.0,53.0,50.0,53.0,53.0,53.0,82.0,78.0,3.0,79.0,79.0,79.0,79.0,50.0,53.0,53.0,53.0,79.0,77.0,1.0,42.0,42.0,58.0,75.0,25.0,50.0,75.0,98.0,54.0,51.0,49.0,42.0,58.0,58.0,58.0,25.0,50.0,75.0,98.0,52.0,57.0,53.0,50,25
1,215,8.6,79.0,79.0,79.0,53.0,50.0,53.0,53.0,53.0,83.0,79.0,2.0,79.0,79.0,79.0,79.0,50.0,53.0,53.0,53.0,78.0,78.0,0.0,42.0,42.0,58.0,75.0,25.0,50.0,75.0,98.0,55.0,52.0,50.0,42.0,58.0,58.0,58.0,25.0,50.0,75.0,98.0,51.0,56.0,53.0,50,25
1,216,8.64,79.0,79.0,79.0,53.0,50.0,53.0,53.0,53.0,82.0,80.0,1.0,79.0,79.0,79.0,79.0,50.0,53.0,53.0,53.0,77.0,77.0,1.0,42.0,42.0,58.0,75.0,25.0,50.0,75.0,98.0,54.0,51.0,49.0,42.0,58.0,58.0,58.0,25.0,50.0,75.0,98.0,50.0,57.0,52.0,50,25
1,217,8.68,79.0,79.0,79.0,53.0,50.0,53.0,53.0,53.0,83.0,81.0,0.0,79.0,79.0,79.0,79.0,50.0,53.0,53.0,53.0,76.0,76.0,2.0,42.0,42.0,58.0,75.0,25.0,50.0,75.0,98.0,53.0,52.0,48.0,42.0,58.0,58.0,58.0,25.0,50.0,75.0,98.0,51.0,56.0,53.0,50,25
1,218,8.72,79.0,79.0,79.0,53.0,50.0,53.0,53.0,53.0,84.0,80.0,1.0,79.0,79.0,79.0,79.0,50.0,53.0,53.0,53.0,77.0,77.0,3.0,42.0,42.0,58.0,75.0,25.0,50.0,75.0,98.0,54.0,51.0,47.0,42.0,58.0,58.0,58.0,25.0,50.0,75.0,98.0,50.0,57.0,52.0,50,25
1,219,8.76,79.0,79.0,79.0,53.0,50.0,53.0,53.0,53.0,83.0,79.0,1.0,79.0,79.0,79.0,79.0,50.0,53.0,53.0,53.0,78.0,78.0,2.0,42.0,42.0,58.0,75.0,25.0,50.0,75.0,98.0,53.0,50.0,48.0,42.0,58.0,58.0,58.0,25.0,50.0,75.0,98.0,49.0,56.0,53.0,50,25
1,220,8.8,79.0,79.0,79.0,53.0,50.0,53.0,53.0,53.0,84.0,80.0,2.0,79.0,79.0,79.0,79.0,50.0,53.0,53.0,53.0,77.0,79.0,1.0,42.0,42.0,58.0,75.0,25.0,50.0,75.0,98.0,52.0,49.0,49.0,42.0,58.0,58.0,58.0,25.0,50.0,75.0,98.0,48.0,57.0,52.0,50,25
1,221,8.84,79.0,79.0,79.0,53.0,50.0,53.0,53.0,53.0,83.0,79.0,3.0,79.0,79.0,79.0,79.0,50.0,53.0,53.0,53.0,78.0,78.0,2.0,42.0,42.0,58.0,75.0,25.0,50.0,75.0,98.0,53.0,48.0,50.0,42.0,58.0,58.0,58.0,25.0,50.0,75.0,98.0,47.0,56.0,51.0,50,25
1,222,8.88,79.0,79.0,79.0,53.0,50.0,53.0,53.0,53.0,82.0,80.0,4.0,79.0,79.0,79.0,79.0,50.0,53.0,53.0,53.0,79.0,77.0,3.0,42.0,42.0,58.0,75.0,25.0,50.0,75.0,98.0,54.0,47.0,49.0,42.0,58.0,58.0,58.0,25.0,50.0,75.0,98.0,48.0,57.0,50.0,50,25
1,223,8.92,79.0,79.0,79.0,53.0,50.0,53.0,53.0,53.0,83.0,81.0,3.0,79.0,79.0,79.0,79.0,50.0,53.0,53.0,53.0,80.0,78.0,2.0,42.0,42.0,58.0,75.0,25.0,50.0,75.0,98.0,55.0,48.0,48.0,42.0,58.0,58.0,58.0,25.0,50.0,75.0,98.0,47.0,56.0,49.0,50,25
1,224,8.96,79.0,79.0,79.0,53.0,50.0,53.0,53.0,53.0,84.0,82.0,2.0,79.0,79.0,79.0,79.0,50.0,53.0,53.0,53.0,79.0,79.0,2.0,42.0,42.0,58.0,75.0,25.0,50.0,75.0,98.0,56.0,47.0,49.0,42.0,58.0,58.0,58.0,25.0,50.0,75.0,98.0,46.0,55.0,49.0,50,25
1,225,9.0,79.0,79.0,79.0,53.0,50.0,53.0,53.0,53.0,83.0,81.0,2.0,79.0,79.0,79.0,79.0,50.0,53.0,53.0,53.0,78.0,78.0,1.0,42.0,42.0,58.0,75.0,25.0,50.0,75.0,98.0,55.0,46.0,50.0,42.0,58.0,58.0,58.0,25.0,50.0,75.0,98.0,45.0,54.0,50.0,50,25
1,226,9.040000000000001,79.0,79.0,79.0,53.0,50.0,53.0,53.0,53.0,82.0,82.0,2.0,79.0,79.0,79.0,79.0,50.0,53.0,53.0,53.0,77.0,79.0,2.0,42.0,42.0,58.0,75.0,25.0,50.0,75.0,98.0,56.0,47.0,51.0,42.0,58.0,58.0,58.0,25.0,50.0,75.0,98.0,46.0,53.0,49.0,50,25
1,227,9.08,79.0,79.0,79.0,53.0,50.0,53.0,53.0,53.0,83.0,82.0,1.0,79.0,79.0,79.0,79.0,50.0,53.0,53.0,53.0,78.0,78.0,3.0,42.0,42.0,58.0,75.0,25.0,50.0,75.0,98.0,55.0,46.0,50.0,42.0,58.0,58.0,58.0,25.0,50.0,75.0,98.0,45.0,54.0,50.0,50,25
1,228,9.120000000000001,79.0,79.0,79.0,53.0,50.0,53.0,53.0,53.0,82.0,81.0,2.0,79.0,79.0,79.0,79.0,50.0,53.0,53.0,53.0,77.0,79.0,3.0,42.0,42.0,58.0,75.0,25.0,50.0,75.0,98.0,54.0,45.0,49.0,42.0,58.0,58.0,58.0,25.0,50.0,75.0,98.0,44.0,53.0,49.0,50,25
1,229,9.16,79.0,79.0,79.0,53.0,50.0,53.0,53.0,53.0,83.0,82.0,2.0,79.0,79.0,79.0,79.0,50.0,53.0,53.0,53.0,78.0,78.0,2.0,42.0,42.0,58.0,75.0,25.0,50.0,75.0,98.0,53.0,44.0,50.0,42.0,58.0,58.0,58.0,25.0,50.0,75.0,98.0,45.0,52.0,48.0,50,25
1,230,9.200000000000001,79.0,79.0,79.0,53.0,50.0,53.0,53.0,53.0,82.0,81.0,1.0,79.0,79.0,79.0,79.0,50.0,53.0,53.0,53.0,79.0,79.0,2.0,42.0,42.0,58.0,75.0,25.0,50.0,75.0,98.0,52.0,43.0,51.0,42.0,58.0,58.0,58.0,25.0,50.0,75.0,98.0,44.0,52.0,49.0,50,25
1,231,9.24,79.0,79.0,79.0,53.0,50.0,53.0,53.0,53.0,81.0,82.0,2.0,79.0,79.0,79.0,79.0,50.0,53.0,53.0,53.0,78.0,80.0,2.0,42.0,42.0,58.0,75.0,25.0,50.0,75.0,98.0,53.0,42.0,51.0,42.0,58.0,58.0,58.0,25.0,50.0,75.0,98.0,43.0,51.0,48.0,50,25
1,232,9.28,79.0,79.0,79.0,53.0,50.0,53.0,53.0,53.0,80.0,81.0,1.0,79.0,79.0,79.0,79.0,50.0,53.0,53.0,53.0,79.0,79.0,2.0,42.0,42.0,58.0,75.0,25.0,50.0,75.0,98.0,54.0,43.0,52.0,42.0,58.0,58.0,58.0,25.0,50.0,75.0,98.0,42.0,50.0,47.0,50,25
1,233,9.32,79.0,79.0,79.0,53.0,50.0,53.0,53.0,53.0,81.0,80.0,2.0,79.0,79.0,79.0,79.0,50.0,53.0,53.0,53.0,78.0,80.0,1.0,42.0,42.0,58.0,75.0,25.0,50.0,75.0,98.0,53.0,42.0,51.0,42.0,58.0,58.0,58.0,25.0,50.0,75.0,98.0,43.0,51.0,48.0,50,25
1,234,9.36,79.0,79.0,79.0,53.0,50.0,53.0,53.0,53.0,80.0,79.0,1.0,79.0,79.0,79.0,79.0,50.0,53.0,53.0,53.0,79.0,79.0,1.0,42.0,42.0,58.0,75.0,25.0,50.0,75.0,98.0,52.0,43.0,52.0,42.0,58.0,58.0,58.0,25.0,50.0,75.0,98.0,42.0,50.0,47.0,50,25
1,235,9.4,79.0,79.0,79.0,53.0,50.0,53.0,53.0,53.0,79.0,78.0,0.0,79.0,79.0,79.0,79.0,50.0,53.0,53.0,53.0,80.0,80.0,1.0,42.0,42.0,58.0,75.0,25.0,50.0,75.0,98.0,51.0,42.0,51.0,42.0,58.0,58.0,58.0,25.0,50.0,75.0,98.0,43.0,49.0,48.0,50,25
1,236,9.44,79.0,79.0,79.0,53.0,50.0,53.0,53.0,53.0,80.0,79.0,1.0,79.0,79.0,79.0,79.0,50.0,53.0,53.0,53.0,79.0,80.0,2.0,42.0,42.0,58.0,75.0,25.0,50.0,75.0,98.0,52.0,41.0,50.0,42.0,58.0,58.0,58.0,25.0,50.0,75.0,98.0,44.0,50.0,49.0,50,25
1,237,9.48,79.0,79.0,79.0,53.0,50.0,53.0,53.0,53.0,81.0,78.0,2.0,79.0,79.0,79.0,79.0,50.0,53.0,53.0,53.0,80.0,81.0,3.0,42.0,42.0,58.0,75.0,25.0,50.0,75.0,98.0,51.0,42.0,51.0,42.0,58.0,58.0,58.0,25.0,50.0,75.0,98.0,43.0,51.0,48.0,50,25
1,238,9.52,79.0,79.0,79.0,53.0,50.0,53.0,53.0,53.0,82.0,79.0,3.0,79.0,79.0,79.0,79.0,50.0,53.0,53.0,53.0,79.0,82.0,2.0,42.0,42.0,58.0,75.0,25.0,50.0,75.0,98.0,52.0,43.0,50.0,42.0,58.0,58.0,58.0,25.0,50.0,75.0,98.0,42.0,50.0,47.0,50,25
1,239,9.56,79.0,79.0,79.0,53.0,50.0,53.0,53.0,53.0,81.0,78.0,3.0,79.0,79.0,79.0,79.0,50.0,53.0,53.0,53.0,80.0,83.0,3.0,42.0,42.0,58.0,75.0,25.0,50.0,75.0,98.0,53.0,42.0,49.0,42.0,58.0,58.0,58.0,25.0,50.0,75.0,98.0,41.0,51.0,48.0,50,25
1,240,9.6,79.0,79.0,79.0,53.0,50.0,53.0,53.0,53.0,80.0,77.0,3.0,79.0,79.0,79.0,79.0,50.0,53.0,53.0,53.0,79.0,83.0,2.0,42.0,42.0,58.0,75.0,25.0,50.0,75.0,98.0,52.0,43.0,48.0,42.0,58.0,58.0,58.0,25.0,50.0,75.0,98.0,40.0,52.0,49.0,50,25
1,241,9.64,79.0,79.0,79.0,53.0,50.0,53.0,53.0,53.0,81.0,78.0,3.0,79.0,79.0,79.0,79.0,50.0,53.0,53.0,53.0,80.0,84.0,2.0,42.0,42.0,58.0,75.0,25.0,50.0,75.0,98.0,51.0,44.0,49.0,42.0,58.0,58.0,58.0,25.0,50.0,75.0,98.0,39.0,51.0,50.0,50,25
1,242,9.68,79.0,79.0,79.0,53.0,50.0,53.0,53.0,53.0,81.0,79.0,2.0,79.0,79.0,79.0,79.0,50.0,53.0,53.0,53.0,79.0,83.0,2.0,42.0,42.0,58.0,75.0,25.0,50.0,75.0,98.0,52.0,45.0,48.0,42.0,58.0,58.0,58.0,25.0,50.0,75.0,98.0,40.0,52.0,51.0,50,25
1,243,9.72,79.0,79.0,79.0,53.0,50.0,53.0,53.0,53.0,80.0,78.0,2.0,79.0,79.0,79.0,79.0,50.0,53.0,53.0,53.0,80.0,82.0,3.0,42.0,42.0,58.0,75.0,25.0,50.0,75.0,98.0,53.0,46.0,47.0,42.0,58.0,58.0,58.0,25.0,50.0,75.0,98.0,41.0,51.0,50.0,50,25
1,244,9.76,79.0,79.0,79.0,53.0,50.0,53.0,53.0,53.0,81.0,77.0,3.0,79.0,79.0,79.0,79.0,50.0,53.0,53.0,53.0,81.0,81.0,3.0,42.0,42.0,58.0,75.0,25.0,50.0,75.0,98.0,52.0,47.0,47.0,42.0,58.0,58.0,58.0,25.0,50.0,75.0,98.0,40.0,50.0,51.0,50,25
1,245,9.8,79.0,79.0,79.0,53.0,50.0,53.0,53.0,53.0,82.0,76.0,2.0,79.0,79.0,79.0,79.0,50.0,53.0,53.0,53.0,82.0,80.0,2.0,42.0,42.0,58.0,75.0,25.0,50.0,75.0,98.0,53.0,48.0,48.0,42.0,58.0,58.0,58.0,25.0,50.0,75.0,98.0,39.0,51.0,50.0,50,25
1,246,9.84,79.0,79.0,79.0,53.0,50.0,53.0,53.0,53.0,81.0,77.0,3.0,79.0,79.0,79.0,79.0,50.0,53.0,53.0,53.0,81.0,81.0,1.0,42.0,42.0,58.0,75.0,25.0,50.0,75.0,98.0,54.0,47.0,49.0,42.0,58.0,58.0,58.0,25.0,50.0,75.0,98.0,38.0,52.0,51.0,50,25
1,247,9.88,79.0,79.0,79.0,53.0,50.0,53.0,53.0,53.0,82.0,78.0,3.0,79.0,79.0,79.0,79.0,50.0,53.0,53.0,53.0,82.0,81.0,2.0,42.0,42.0,58.0,75.0,25.0,50.0,75.0,98.0,53.0,48.0,48.0,42.0,58.0,58.0,58.0,25.0,50.0,75.0,98.0,37.0,53.0,50.0,50,25
1,248,9.92,79.0,79.0,79.0,53.0,50.0,53.0,53.0,53.0,83.0,77.0,4.0,79.0,79.0,79.0,79.0,50.0,53.0,53.0,53.0,81.0,80.0,1.0,42.0,42.0,58.0,75.0,25.0,50.0,75.0,98.0,53.0,49.0,47.0,42.0,58.0,58.0,58.0,25.0,50.0,75.0,98.0,38.0,52.0,51.0,50,25
1,249,9.96,79.0,79.0,79.0,53.0,50.0,53.0,53.0,53.0,82.0,78.0,3.0,79.0,79.0,79.0,79.0,50.0,53.0,53.0,53.0,80.0,81.0,2.0,42.0,42.0,58.0,75.0,25.0,50.0,75.0,98.0,54.0,48.0,48.0,42.0,58.0,58.0,58.0,25.0,50.0,75.0,98.0,39.0,51.0,52.0,50,25
1,250,10.0,79.0,79.0,79.0,53.0,50.0,53.0,53.0,53.0,81.0,79.0,4.0,79.0,79.0,79.0,79.0,50.0,53.0,53.0,53.0,81.0,80.0,3.0,42.0,42.0,58.0,75.0,25.0,50.0,75.0,98.0,53.0,47.0,47.0,42.0,58.0,58.0,58.0,25.0,50.0,75.0,98.0,40.0,50.0,52.0,50,25
1,251,10.040000000000001,79.0,79.0,79.0,53.0,50.0,53.0,53.0,53.0,80.0,80.0,3.0,79.0,79.0,79.0,79.0,50.0,53.0,53.0,53.0,80.0,81.0,2.0,42.0,42.0,58.0,75.0,25.0,50.0,75.0,98.0,52.0,48.0,48.0,42.0,58.0,58.0,58.0,25.0,50.0,75.0,98.0,41.0,51.0,51.0,50,25
1,252,10.08,79.0,79.0,79.0,53.0,50.0,53.0,53.0,53.0,79.0,79.0,2.0,79.0,79.0,79.0,79.0,50.0,53.0,53.0,53.0,79.0,80.0,2.0,42.0,42.0,58.0,75.0,25.0,50.0,75.0,98.0,53.0,47.0,49.0,42.0,58.0,58.0,58.0,25.0,50.0,75.0,98.0,40.0,50.0,50.0,50,25
1,253,10.120000000000001,79.0,79.0,79.0,53.0,50.0,53.0,53.0,53.0,80.0,78.0,2.0,79.0,79.0,79.0,79.0,50.0,53.0,53.0,53.0,78.0,79.0,2.0,42.0,42.0,58.0,75.0,25.0,50.0,75.0,98.0,52.0,48.0,48.0,42.0,58.0,58.0,58.0,25.0,50.0,75.0,98.0,41.0,49.0,50.0,50,25
1,254,10.16,79.0,79.0,79.0,53.0,50.0,53.0,53.0,53.0,81.0,79.0,3.0,79.0,79.0,79.0,79.0,50.0,53.0,53.0,53.0,77.0,78.0,1.0,42.0,42.0,58.0,75.0,25.0,50.0,75.0,98.0,51.0,47.0,48.0,42.0,58.0,58.0,58.0,25.0,50.0,75.0,98.0,40.0,49.0,50.0,50,25
1,255,10.200000000000001,79.0,79.0,79.0,53.0,50.0,53.0,53.0,53.0,80.0,80.0,3.0,79.0,79.0,79.0,79.0,50.0,53.0,53.0,53.0,78.0,77.0,2.0,42.0,42.0,58.0,75.0,25.0,50.0,75.0,98.0,50.0,48.0,47.0,42.0,58.0,58.0,58.0,25.0,50.0,75.0,98.0,41.0,50.0,49.0,50,25
1,256,10.24,79.0,79.0,79.0,53.0,50.0,53.0,53.0,53.0,81.0,79.0,3.0,79.0,79.0,79.0,79.0,50.0,53.0,53.0,53.0,79.0,78.0,2.0,42.0,42.0,58.0,75.0,25.0,50.0,75.0,98.0,49.0,49.0,48.0,42.0,58.0,58.0,58.0,25.0,50.0,75.0,98.0,40.0,49.0,50.0,50,25
1,257,10.28,79.0,79.0,79.0,53.0,50.0,53.0,53.0,53.0,80.0,80.0,4.0,79.0,79.0,79.0,79.0,50.0,53.0,53.0,53.0,78.0,77.0,1.0,42.0,42.0,58.0,75.0,25.0,50.0,75.0,98.0,50.0,50.0,49.0,42.0,58.0,58.0,58.0,25.0,50.0,75.0,98.0,39.0,50.0,49.0,50,25
1,258,10.32,79.0,79.0,79.0,53.0,50.0,53.0,53.0,53.0,79.0,79.0,3.0,79.0,79.0,79.0,79.0,50.0,53.0,53.0,53.0,79.0,76.0,0.0,42.0,42.0,58.0,75.0,25.0,50.0,75.0,98.0,49.0,49.0,50.0,42.0,58.0,58.0,58.0,25.0,50.0,75.0,98.0,40.0,50.0,50.0,50,25
1,259,10.36,79.0,79.0,79.0,53.0,50.0,53.0,53.0,53.0,80.0,78.0,2.0,79.0,79.0,79.0,79.0,50.0,53.0,53.0,53.0,80.0,77.0,0.0,42.0,42.0,58.0,75.0,25.0,50.0,75.0,98.0,48.0,50.0,49.0,42.0,58.0,58.0,58.0,25.0,50.0,75.0,98.0,41.0,49.0,49.0,50,25
1,260,10.4,79.0,79.0,79.0,53.0,50.0,53.0,53.0,53.0,80.0,79.0,3.0,79.0,79.0,79.0,79.0,50.0,53.0,53.0,53.0,81.0,78.0,1.0,42.0,42.0,58.0,75.0,25.0,50.0,75.0,98.0,47.0,49.0,50.0,42.0,58.0,58.0,58.0,25.0,50.0,75.0,98.0,40.0,50.0,50.0,50,25
1,261,10.44,79.0,79.0,79.0,53.0,50.0,53.0,53.0,53.0,79.0,80.0,2.0,79.0,79.0,79.0,79.0,50.0,53.0,53.0,53.0,80.0,79.0,2.0,42.0,42.0,58.0,75.0,25.0,50.0,75.0,98.0,46.0,48.0,49.0,42.0,58.0,58.0,58.0,25.0,50.0,75.0,98.0,41.0,51.0,49.0,50,25
1,262,10.48,79.0,79.0,79.0,53.0,50.0,53.0,53.0,53.0,78.0,79.0,2.0,79.0,79.0,79.0,79.0,50.0,53.0,53.0,53.0,79.0,80.0,3.0,42.0,42.0,58.0,75.0,25.0,50.0,75.0,98.0,45.0,49.0,49.0,42.0,58.0,58.0,58.0,25.0,50.0,75.0,98.0,40.0,52.0,50.0,50,25
1,263,10.52,79.0,79.0,79.0,53.0,50.0,53.0,53.0,53.0,79.0,80.0,1.0,79.0,79.0,79.0,79.0,50.0,53.0,53.0,53.0,80.0,81.0,4.0,42.0,42.0,58.0,75.0,25.0,50.0,75.0,98.0,44.0,48.0,50.0,42.0,58.0,58.0,58.0,25.0,50.0,75.0,98.0,39.0,51.0,49.0,50,25
1,264,10.56,79.0,79.0,79.0,53.0,50.0,53.0,53.0,53.0,80.0,81.0,2.0,79.0,79.0,79.0,79.0,50.0,53.0,53.0,53.0,81.0,80.0,3.0,42.0,42.0,58.0,75.0,25.0,50.0,75.0,98.0,45.0,47.0,51.0,42.0,58.0,58.0,58.0,25.0,50.0,75.0,98.0,40.0,52.0,50.0,50,25
1,265,10.6,79.0,79.0,79.0,53.0,50.0,53.0,53.0,53.0,79.0,80.0,1.0,79.0,79.0,79.0,79.0,50.0,53.0,53.0,53.0,80.0,81.0,4.0,42.0,42.0,58.0,75.0,25.0,50.0,75.0,98.0,46.0,46.0,50.0,42.0,58.0,58.0,58.0,25.0,50.0,75.0,98.0,41.0,53.0,49.0,50,25
1,266,10.64,79.0,79.0,79.0,53.0,50.0,53.0,53.0,53.0,78.0,79.0,1.0,79.0,79.0,79.0,79.0,50.0,53.0,53.0,53.0,79.0,80.0,3.0,42.0,42.0,58.0,75.0,25.0,50.0,75.0,98.0,47.0,47.0,49.0,42.0,58.0,58.0,58.0,25.0,50.0,75.0,98.0,42.0,54.0,50.0,50,25
1,267,10.68,79.0,79.0,79.0,53.0,50.0,53.0,53.0,53.0,77.0,80.0,1.0,79.0,79.0,79.0,79.0,50.0,53.0,53.0,53.0,79.0,81.0,4.0,42.0,42.0,58.0,75.0,25.0,50.0,75.0,98.0,46.0,46.0,50.0,42.0,58.0,58.0,58.0,25.0,50.0,75.0,98.0,41.0,53.0,49.0,50,25
1,268,10.72,79.0,79.0,79.0,53.0,50.0,53.0,53.0,53.0,78.0,80.0,2.0,79.0,79.0,79.0,79.0,50.0,53.0,53.0,53.0,78.0,80.0,3.0,42.0,42.0,58.0,75.0,25.0,50.0,75.0,98.0,45.0,45.0,49.0,42.0,58.0,58.0,58.0,25.0,50.0,75.0,98.0,42.0,54.0,48.0,50,25
1,269,10.76,79.0,79.0,79.0,53.0,50.0,53.0,53.0,53.0,79.0,79.0,1.0,79.0,79.0,79.0,79.0,50.0,53.0,53.0,53.0,79.0,79.0,4.0,42.0,42.0,58.0,75.0,25.0,50.0,75.0,98.0,44.0,46.0,50.0,42.0,58.0,58.0,58.0,25.0,50.0,75.0,98.0,41.0,55.0,49.0,50,25
1,270,10.8,79.0,79.0,79.0,53.0,50.0,53.0,53.0,53.0,78.0,80.0,2.0,79.0,79.0,79.0,79.0,50.0,53.0,53.0,53.0,78.0,78.0,3.0,42.0,42.0,58.0,75.0,25.0,50.0,75.0,98.0,43.0,47.0,50.0,42.0,58.0,58.0,58.0,25.0,50.0,75.0,98.0,42.0,54.0,48.0,50,25
1,271,10.84,79.0,79.0,79.0,53.0,50.0,53.0,53.0,53.0,79.0,81.0,1.0,79.0,79.0,79.0,79.0,50.0,53.0,53.0,53.0,79.0,79.0,2.0,42.0,42.0,58.0,75.0,25.0,50.0,75.0,98.0,44.0,48.0,49.0,42.0,58.0,58.0,58.0,25.0,50.0,75.0,98.0,41.0,55.0,47.0,50,25
1,272,10.88,79.0,79.0,79.0,53.0,50.0,53.0,53.0,53.0,78.0,82.0,0.0,79.0,79.0,79.0,79.0,50.0,53.0,53.0,53.0,80.0,80.0,3.0,42.0,42.0,58.0,75.0,25.0,50.0,75.0,98.0,43.0,49.0,50.0,42.0,58.0,58.0,58.0,25.0,50.0,75.0,98.0,40.0,54.0,46.0,50,25
1,273,10.92,79.0,79.0,79.0,53.0,50.0,53.0,53.0,53.0,79.0,81.0,1.0,79.0,79.0,79.0,79.0,50.0,53.0,53.0,53.0,81.0,81.0,2.0,42.0,42.0,58.0,75.0,25.0,50.0,75.0,98.0,44.0,48.0,49.0,42.0,58.0,58.0,58.0,25.0,50.0,75.0,98.0,39.0,55.0,47.0,50,25
1,274,10.96,79.0,79.0,79.0,53.0,50.0,53.0,53.0,53.0,78.0,82.0,1.0,79.0,79.0,79.0,79.0,50.0,53.0,53.0,53.0,80.0,80.0,1.0,42.0,42.0,58.0,75.0,25.0,50.0,75.0,98.0,45.0,49.0,50.0,42.0,58.0,58.0,58.0,25.0,50.0,75.0,98.0,38.0,54.0,48.0,50,25
1,275,11.0,79.0,79.0,79.0,53.0,50.0,53.0,53.0,53.0,77.0,81.0,2.0,79.0,79.0,79.0,79.0,50.0,53.0,53.0,53.0,81.0,81.0,2.0,42.0,42.0,58.0,75.0,25.0,50.0,75.0,98.0,46.0,50.0,49.0,42.0,58.0,58.0,58.0,25.0,50.0,75.0,98.0,39.0,53.0,49.0,50,25
1,276,11.040000000000001,79.0,79.0,79.0,53.0,50.0,53.0,53.0,53.0,76.0,82.0,2.0,79.0,79.0,79.0,79.0,50.0,53.0,53.0,53.0,81.0,80.0,3.0,42.0,42.0,58.0,75.0,25.0,50.0,75.0,98.0,47.0,51.0,50.0,42.0,58.0,58.0,58.0,25.0,50.0,75.0,98.0,40.0,52.0,50.0,50,25
1,277,11.08,79.0,79.0,79.0,53.0,50.0,53.0,53.0,53.0,75.0,83.0,1.0,79.0,79.0,79.0,79.0,50.0,53.0,53.0,53.0,80.0,81.0,2.0,42.0,42.0,58.0,75.0,25.0,50.0,75.0,98.0,48.0,52.0,49.0,42.0,58.0,58.0,58.0,25.0,50.0,75.0,98.0,39.0,51.0,49.0,50,25
1,278,11.120000000000001,79.0,79.0,79.0,53.0,50.0,53.0,53.0,53.0,76.0,84.0,2.0,79.0,79.0,79.0,79.0,50.0,53.0,53.0,53.0,81.0,82.0,1.0,42.0,42.0,58.0,75.0,25.0,50.0,75.0,98.0,49.0,53.0,50.0,42.0,58.0,58.0,58.0,25.0,50.0,75.0,98.0,40.0,52.0,50.0,50,25
1,279,11.16,79.0,79.0,79.0,53.0,50.0,53.0,53.0,53.0,77.0,83.0,2.0,79.0,79.0,79.0,79.0,50.0,53.0,53.0,53.0,82.0,81.0,0.0,42.0,42.0,58.0,75.0,25.0,50.0,75.0,98.0,48.0,52.0,49.0,42.0,58.0,58.0,58.0,25.0,50.0,75.0,98.0,39.0,53.0,51.0,50,25
1,280,11.200000000000001,79.0,79.0,79.0,53.0,50.0,53.0,53.0,53.0,76.0,82.0,3.0,79.0,79.0,79.0,79.0,50.0,53.0,53.0,53.0,83.0,82.0,1.0,42.0,42.0,58.0,75.0,25.0,50.0,75.0,98.0,47.0,53.0,48.0,42.0,58.0,58.0,58.0,25.0,50.0,75.0,98.0,40.0,52.0,52.0,50,25
1,281,11.24,79.0,79.0,79.0,53.0,50.0,53.0,53.0,53.0,77.0,81.0,4.0,79.0,79.0,79.0,79.0,50.0,53.0,53.0,53.0,82.0,81.0,1.0,42.0,42.0,58.0,75.0,25.0,50.0,75.0,98.0,48.0,54.0,49.0,42.0,58.0,58.0,58.0,25.0,50.0,75.0,98.0,39.0,51.0,51.0,50,25
1,282,11.28,79.0,79.0,79.0,53.0,50.0,53.0,53.0,53.0,78.0,80.0,4.0,79.0,79.0,79.0,79.0,50.0,53.0,53.0,53.0,81.0,80.0,0.0,42.0,42.0,58.0,75.0,25.0,50.0,75.0,98.0,49.0,53.0,50.0,42.0,58.0,58.0,58.0,25.0,50.0,75.0,98.0,38.0,52.0,50.0,50,25
1,283,11.32,79.0,79.0,79.0,53.0,50.0,53.0,53.0,53.0,79.0,79.0,3.0,79.0,79.0,79.0,79.0,50.0,53.0,53.0,53.0,82.0,79.0,1.0,42.0,42.0,58.0,75.0,25.0,50.0,75.0,98.0,48.0,54.0,51.0,42.0,58.0,58.0,58.0,25.0,50.0,75.0,98.0,37.0,53.0,51.0,50,25
1,284,11.36,79.0,79.0,79.0,53.0,50.0,53.0,53.0,53.0,78.0,78.0,3.0,79.0,79.0,79.0,79.0,50.0,53.0,53.0,53.0,83.0,80.0,2.0,42.0,42.0,58.0,75.0,25.0,50.0,75.0,98.0,49.0,55.0,50.0,42.0,58.0,58.0,58.0,25.0,50.0,75.0,98.0,38.0,54.0,50.0,50,25
1,285,11.4,79.0,79.0,79.0,53.0,50.0,53.0,53.0,53.0,78.0,77.0,4.0,79.0,79.0,79.0,79.0,50.0,53.0,53.0,53.0,82.0,81.0,1.0,42.0,42.0,58.0,75.0,25.0,50.0,75.0,98.0,48.0,56.0,51.0,42.0,58.0,58.0,58.0,25.0,50.0,75.0,98.0,37.0,55.0,51.0,50,25
1,286,11.44,79.0,79.0,79.0,53.0,50.0,53.0,53.0,53.0,79.0,78.0,3.0,79.0,79.0,79.0,79.0,50.0,53.0,53.0,53.0,81.0,82.0,0.0,42.0,42.0,58.0,75.0,25.0,50.0,75.0,98.0,49.0,55.0,50.0,42.0,58.0,58.0,58.0,25.0,50.0,75.0,98.0,38.0,54.0,52.0,50,25
1,287,11.48,79.0,79.0,79.0,53.0,50.0,53.0,53.0,53.0,80.0,79.0,3.0,79.0,79.0,79.0,79.0,50.0,53.0,53.0,53.0,82.0,81.0,1.0,42.0,42.0,58.0,75.0,25.0,50.0,75.0,98.0,48.0,54.0,51.0,42.0,58.0,58.0,58.0,25.0,50.0,75.0,98.0,39.0,53.0,51.0,50,25
1,288,11.52,79.0,79.0,79.0,53.0,50.0,53.0,53.0,53.0,79.0,78.0,2.0,79.0,79.0,79.0,79.0,50.0,53.0,53.0,53.0,83.0,80.0,2.0,42.0,42.0,58.0,75.0,25.0,50.0,75.0,98.0,49.0,55.0,52.0,42.0,58.0,58.0,58.0,25.0,50.0,75.0,98.0,38.0,52.0,50.0,50,25
1,289,11.56,79.0,79.0,79.0,53.0,50.0,53.0,53.0,53.0,78.0,79.0,3.0,79.0,79.0,79.0,79.0,50.0,53.0,53.0,53.0,84.0,79.0,3.0,42.0,42.0,58.0,75.0,25.0,50.0,75.0,98.0,50.0,56.0,51.0,42.0,58.0,58.0,58.0,25.0,50.0,75.0,98.0,39.0,53.0,51.0,50,25
1,290,11.6,79.0,79.0,79.0,53.0,50.0,53.0,53.0,53.0,77.0,80.0,4.0,79.0,79.0,79.0,79.0,50.0,53.0,53.0,53.0,83.0,78.0,2.0,42.0,42.0,58.0,75.0,25.0,50.0,75.0,98.0,49.0,55.0,50.0,42.0,58.0,58.0,58.0,25.0,50.0,75.0,98.0,38.0,54.0,50.0,50,25
1,291,11.64,79.0,79.0,79.0,53.0,50.0,53.0,53.0,53.0,78.0,81.0,3.0,79.0,79.0,79.0,79.0,50.0,53.0,53.0,53.0,84.0,79.0,1.0,42.0,42.0,58.0,75.0,25.0,50.0,75.0,98.0,50.0,54.0,51.0,42.0,58.0,58.0,58.0,25.0,50.0,75.0,98.0,39.0,53.0,49.0,50,25
1,292,11.68,79.0,79.0,79.0,53.0,50.0,53.0,53.0,53.0,77.0,82.0,4.0,79.0,79.0,79.0,79.0,50.0,53.0,53.0,53.0,83.0,80.0,2.0,42.0,42.0,58.0,75.0,25.0,50.0,75.0,98.0,49.0,53.0,52.0,42.0,58.0,58.0,58.0,25.0,50.0,75.0,98.0,40.0,54.0,50.0,50,25
1,293,11.72,79.0,79.0,79.0,53.0,50.0,53.0,53.0,53.0,78.0,81.0,3.0,79.0,79.0,79.0,79.0,50.0,53.0,53.0,53.0,82.0,81.0,3.0,42.0,42.0,58.0,75.0,25.0,50.0,75.0,98.0,48.0,54.0,52.0,42.0,58.0,58.0,58.0,25.0,50.0,75.0,98.0,41.0,53.0,51.0,50,25
1,294,11.76,79.0,79.0,79.0,53.0,50.0,53.0,53.0,53.0,77.0,82.0,3.0,79.0,79.0,79.0,79.0,50.0,53.0,53.0,53.0,81.0,82.0,2.0,42.0,42.0,58.0,75.0,25.0,50.0,75.0,98.0,47.0,53.0,51.0,42.0,58.0,58.0,58.0,25.0,50.0,75.0,98.0,40.0,54.0,51.0,50,25
1,295,11.8,79.0,79.0,79.0,53.0,50.0,53.0,53.0,53.0,78.0,83.0,2.0,79.0,79.0,79.0,79.0,50.0,53.0,53.0,53.0,82.0,82.0,3.0,42.0,42.0,58.0,75.0,25.0,50.0,75.0,98.0,48.0,52.0,52.0,42.0,58.0,58.0,58.0,25.0,50.0,75.0,98.0,41.0,55.0,52.0,50,25
1,296,11.84,79.0,79.0,79.0,53.0,50.0,53.0,53.0,53.0,77.0,84.0,1.0,79.0,79.0,79.0,79.0,50.0,53.0,53.0,53.0,83.0,81.0,4.0,42.0,42.0,58.0,75.0,25.0,50.0,75.0,98.0,47.0,53.0,52.0,42.0,58.0,58.0,58.0,25.0,50.0,75.0,98.0,42.0,56.0,53.0,50,25
1,297,11.88,79.0,79.0,79.0,53.0,50.0,53.0,53.0,53.0,76.0,83.0,1.0,79.0,79.0,79.0,79.0,50.0,53.0,53.0,53.0,84.0,80.0,3.0,42.0,42.0,58.0,75.0,25.0,50.0,75.0,98.0,48.0,53.0,51.0,42.0,58.0,58.0,58.0,25.0,50.0,75.0,98.0,43.0,57.0,52.0,50,25
1,298,11.92,79.0,79.0,79.0,53.0,50.0,53.0,53.0,53.0,77.0,84.0,2.0,79.0,79.0,79.0,79.0,50.0,53.0,53.0,53.0,83.0,81.0,4.0,42.0,42.0,58.0,75.0,25.0,50.0,75.0,98.0,47.0,52.0,50.0,42.0,58.0,58.0,58.0,25.0,50.0,75.0,98.0,44.0,56.0,51.0,50,25
1,299,11.96,79.0,79.0,79.0,53.0,50.0,53.0,53.0,53.0,76.0,85.0,2.0,79.0,79.0,79.0,79.0,50.0,53.0,53.0,53.0,82.0,82.0,4.0,42.0,42.0,58.0,75.0,25.0,50.0,75.0,98.0,48.0,51.0,51.0,42.0,58.0,58.0,58.0,25.0,50.0,75.0,98.0,43.0,57.0,52.0,50,25
1,300,12.0,79.0,79.0,79.0,53.0,50.0,53.0,53.0,53.0,75.0,86.0,3.0,79.0,79.0,79.0,79.0,50.0,53.0,53.0,53.0,83.0,81.0,3.0,42.0,42.0,58.0,75.0,25.0,50.0,75.0,98.0,49.0,50.0,50.0,42.0,58.0,58.0,58.0,25.0,50.0,75.0,98.0,44.0,56.0,53.0,50,25
1,301,12.040000000000001,79.0,79.0,79.0,53.0,50.0,53.0,53.0,53.0,76.0,87.0,3.0,79.0,79.0,79.0,79.0,50.0,53.0,53.0,53.0,84.0,80.0,3.0,42.0,42.0,58.0,75.0,25.0,50.0,75.0,98.0,48.0,51.0,49.0,42.0,58.0,58.0,58.0,25.0,50.0,75.0,98.0,45.0,57.0,52.0,50,25
1,302,12.08,79.0,79.0,79.0,53.0,50.0,53.0,53.0,53.0,77.0,86.0,4.0,79.0,79.0,79.0,79.0,50.0,53.0,53.0,53.0,83.0,81.0,2.0,42.0,42.0,58.0,75.0,25.0,50.0,75.0,98.0,47.0,52.0,49.0,42.0,58.0,58.0,58.0,25.0,50.0,75.0,98.0,44.0,58.0,51.0,50,25
1,303,12.120000000000001,79.0,79.0,79.0,53.0,50.0,53.0,53.0,53.0,78.0,85.0,3.0,79.0,79.0,79.0,79.0,50.0,53.0,53.0,53.0,84.0,80.0,3.0,42.0,42.0,58.0,75.0,25.0,50.0,75.0,98.0,48.0,51.0,50.0,42.0,58.0,58.0,58.0,25.0,50.0,75.0,98.0,45.0,57.0,50.0,50,25
1,304,12.16,79.0,79.0,79.0,53.0,50.0,53.0,53.0,53.0,78.0,85.0,2.0,79.0,79.0,79.0,79.0,50.0,53.0,53.0,53.0,85.0,79.0,2.0,42.0,42.0,58.0,75.0,25.0,50.0,75.0,98.0,47.0,52.0,49.0,42.0,58.0,58.0,58.0,25.0,50.0,75.0,98.0,46.0,56.0,49.0,50,25
1,305,12.200000000000001,79.0,79.0,79.0,53.0,50.0,53.0,53.0,53.0,77.0,84.0,1.0,79.0,79.0,79.0,79.0,50.0,53.0,53.0,53.0,84.0,80.0,1.0,42.0,42.0,58.0,75.0,25.0,50.0,75.0,98.0,46.0,53.0,50.0,42.0,58.0,58.0,58.0,25.0,50.0,75.0,98.0,47.0,57.0,50.0,50,25
1,306,12.24,79.0,79.0,79.0,53.0,50.0,53.0,53.0,53.0,76.0,83.0,1.0,79.0,79.0,79.0,79.0,50.0,53.0,53.0,53.0,85.0,79.0,1.0,42.0,42.0,58.0,75.0,25.0,50.0,75.0,98.0,47.0,54.0,49.0,42.0,58.0,58.0,58.0,25.0,50.0,75.0,98.0,48.0,56.0,50.0,50,25
1,307,12.280000000000001,79.0,79.0,79.0,53.0,50.0,53.0,53.0,53.0,77.0,84.0,0.0,79.0,79.0,79.0,79.0,50.0,53.0,53.0,53.0,84.0,80.0,2.0,42.0,42.0,58.0,75.0,25.0,50.0,75.0,98.0,48.0,55.0,48.0,42.0,58.0,58.0,58.0,25.0,50.0,75.0,98.0,47.0,55.0,49.0,50,25
1,308,12.32,79.0,79.0,79.0,53.0,50.0,53.0,53.0,53.0,76.0,83.0,0.0,79.0,79.0,79.0,79.0,50.0,53.0,53.0,53.0,85.0,81.0,3.0,42.0,42.0,58.0,75.0,25.0,50.0,75.0,98.0,49.0,56.0,49.0,42.0,58.0,58.0,58.0,25.0,50.0,75.0,98.0,48.0,56.0,50.0,50,25
1,309,12.36,79.0,79.0,79.0,53.0,50.0,53.0,53.0,53.0,77.0,83.0,0.0,79.0,79.0,79.0,79.0,50.0,53.0,53.0,53.0,86.0,80.0,2.0,42.0,42.0,58.0,75.0,25.0,50.0,75.0,98.0,50.0,55.0,50.0,42.0,58.0,58.0,58.0,25.0,50.0,75.0,98.0,47.0,57.0,51.0,50,25
1,310,12.4,79.0,79.0,79.0,53.0,50.0,53.0,53.0,53.0,78.0,84.0,1.0,79.0,79.0,79.0,79.0,50.0,53.0,53.0,53.0,85.0,81.0,1.0,42.0,42.0,58.0,75.0,25.0,50.0,75.0,98.0,51.0,56.0,49.0,42.0,58.0,58.0,58.0,25.0,50.0,75.0,98.0,48.0,56.0,50.0,50,25
1,311,12.44,79.0,79.0,79.0,53.0,50.0,53.0,53.0,53.0,79.0,85.0,0.0,79.0,79.0,79.0,79.0,50.0,53.0,53.0,53.0,84.0,80.0,2.0,42.0,42.0,58.0,75.0,25.0,50.0,75.0,98.0,50.0,55.0,50.0,42.0,58.0,58.0,58.0,25.0,50.0,75.0,98.0,47.0,57.0,51.0,50,25
1,312,12.48,79.0,79.0,79.0,53.0,50.0,53.0,53.0,53.0,78.0,86.0,1.0,79.0,79.0,79.0,79.0,50.0,53.0,53.0,53.0,85.0,81.0,2.0,42.0,42.0,58.0,75.0,25.0,50.0,75.0,98.0,51.0,54.0,49.0,42.0,58.0,58.0,58.0,25.0,50.0,75.0,98.0,46.0,58.0,52.0,50,25
1,313,12.52,79.0,79.0,79.0,53.0,50.0,53.0,53.0,53.0,78.0,87.0,2.0,79.0,79.0,79.0,79.0,50.0,53.0,53.0,53.0,84.0,80.0,1.0,42.0,42.0,58.0,75.0,25.0,50.0,75.0,98.0,50.0,55.0,50.0,42.0,58.0,58.0,58.0,25.0,50.0,75.0,98.0,47.0,57.0,51.0,50,25
1,314,12.56,79.0,79.0,79.0,53.0,50.0,53.0,53.0,53.0,79.0,86.0,2.0,79.0,79.0,79.0,79.0,50.0,53.0,53.0,53.0,83.0,79.0,2.0,42.0,42.0,58.0,75.0,25.0,50.0,75.0,98.0,49.0,54.0,49.0,42.0,58.0,58.0,58.0,25.0,50.0,75.0,98.0,48.0,58.0,50.0,50,25
1,315,12.6,79.0,79.0,79.0,53.0,50.0,53.0,53.0,53.0,78.0,85.0,3.0,79.0,79.0,79.0,79.0,50.0,53.0,53.0,53.0,82.0,80.0,2.0,42.0,42.0,58.0,75.0,25.0,50.0,75.0,98.0,48.0,53.0,49.0,42.0,58.0,58.0,58.0,25.0,50.0,75.0,98.0,47.0,59.0,50.0,50,25
1,316,12.64,79.0,79.0,79.0,53.0,50.0,53.0,53.0,53.0,77.0,84.0,2.0,79.0,79.0,79.0,79.0,50.0,53.0,53.0,53.0,81.0,81.0,1.0,42.0,42.0,58.0,75.0,25.0,50.0,75.0,98.0,49.0,54.0,50.0,42.0,58.0,58.0,58.0,25.0,50.0,75.0,98.0,48.0,58.0,49.0,50,25
1,317,12.68,79.0,79.0,79.0,53.0,50.0,53.0,53.0,53.0,78.0,85.0,3.0,79.0,79.0,79.0,79.0,50.0,53.0,53.0,53.0,80.0,82.0,2.0,42.0,42.0,58.0,75.0,25.0,50.0,75.0,98.0,50.0,53.0,51.0,42.0,58.0,58.0,58.0,25.0,50.0,75.0,98.0,47.0,57.0,50.0,50,25
1,318,12.72,79.0,79.0,79.0,53.0,50.0,53.0,53.0,53.0,77.0,84.0,3.0,79.0,79.0,79.0,79.0,50.0,53.0,53.0,53.0,81.0,83.0,1.0,42.0,42.0,58.0,75.0,25.0,50.0,75.0,98.0,49.0,54.0,50.0,42.0,58.0,58.0,58.0,25.0,50.0,75.0,98.0,48.0,58.0,51.0,50,25
1,319,12.76,79.0,79.0,79.0,53.0,50.0,53.0,53.0,53.0,76.0,85.0,3.0,79.0,79.0,79.0,79.0,50.0,53.0,53.0,53.0,82.0,82.0,0.0,42.0,42.0,58.0,75.0,25.0,50.0,75.0,98.0,48.0,55.0,49.0,42.0,58.0,58.0,58.0,25.0,50.0,75.0,98.0,49.0,57.0,50.0,50,25
1,320,12.8,79.0,79.0,79.0,53.0,50.0,53.0,53.0,53.0,75.0,84.0,2.0,79.0,79.0,79.0,79.0,50.0,53.0,53.0,53.0,83.0,81.0,1.0,42.0,42.0,58.0,75.0,25.0,50.0,75.0,98.0,47.0,56.0,50.0,42.0,58.0,58.0,58.0,25.0,50.0,75.0,98.0,50.0,56.0,51.0,50,25
1,321,12.84,79.0,79.0,79.0,53.0,50.0,53.0,53.0,53.0,74.0,85.0,1.0,79.0,79.0,79.0,79.0,50.0,53.0,53.0,53.0,82.0,80.0,0.0,42.0,42.0,58.0,75.0,25.0,50.0,75.0,98.0,46.0,55.0,49.0,42.0,58.0,58.0,58.0,25.0,50.0,75.0,98.0,49.0,55.0,50.0,50,25
1,322,12.88,79.0,79.0,79.0,53.0,50.0,53.0,53.0,53.0,75.0,84.0,2.0,79.0,79.0,79.0,79.0,50.0,53.0,53.0,53.0,81.0,79.0,1.0,42.0,42.0,58.0,75.0,25.0,50.0,75.0,98.0,47.0,56.0,49.0,42.0,58.0,58.0,58.0,25.0,50.0,75.0,98.0,50.0,54.0,49.0,50,25
1,323,12.92,79.0,79.0,79.0,53.0,50.0,53.0,53.0,53.0,74.0,85.0,3.0,79.0,79.0,79.0,79.0,50.0,53.0,53.0,53.0,82.0,79.0,2.0,42.0,42.0,58.0,75.0,25.0,50.0,75.0,98.0,46.0,55.0,48.0,42.0,58.0,58.0,58.0,25.0,50.0,75.0,98.0,49.0,55.0,50.0,50,25
1,324,12.96,79.0,79.0,79.0,53.0,50.0,53.0,53.0,53.0,75.0,84.0,2.0,79.0,79.0,79.0,79.0,50.0,53.0,53.0,53.0,81.0,80.0,1.0,42.0,42.0,58.0,75.0,25.0,50.0,75.0,98.0,47.0,54.0,47.0,42.0,58.0,58.0,58.0,25.0,50.0,75.0,98.0,48.0,56.0,49.0,50,25
1,325,13.0,79.0,79.0,79.0,53.0,50.0,53.0,53.0,53.0,74.0,84.0,1.0,79.0,79.0,79.0,79.0,50.0,53.0,53.0,53.0,80.0,79.0,2.0,42.0,42.0,58.0,75.0,25.0,50.0,75.0,98.0,46.0,55.0,46.0,42.0,58.0,58.0,58.0,25.0,50.0,75.0,98.0,47.0,57.0,50.0,50,25
1,326,13.040000000000001,79.0,79.0,79.0,53.0,50.0,53.0,53.0,53.0,75.0,83.0,2.0,79.0,79.0,79.0,79.0,50.0,53.0,53.0,53.0,81.0,80.0,1.0,42.0,42.0,58.0,75.0,25.0,50.0,75.0,98.0,47.0,54.0,47.0,42.0,58.0,58.0,58.0,25.0,50.0,75.0,98.0,48.0,56.0,51.0,50,25
1,327,13.08,79.0,79.0,79.0,53.0,50.0,53.0,53.0,53.0,76.0,82.0,1.0,79.0,79.0,79.0,79.0,50.0,53.0,53.0,53.0,82.0,81.0,2.0,42.0,42.0,58.0,75.0,25.0,50.0,75.0,98.0,48.0,53.0,48.0,42.0,58.0,58.0,58.0,25.0,50.0,75.0,98.0,47.0,57.0,52.0,50,25
1,328,13.120000000000001,79.0,79.0,79.0,53.0,50.0,53.0,53.0,53.0,77.0,83.0,2.0,79.0,79.0,79.0,79.0,50.0,53.0,53.0,53.0,81.0,80.0,1.0,42.0,42.0,58.0,75.0,25.0,50.0,75.0,98.0,47.0,52.0,47.0,42.0,58.0,58.0,58.0,25.0,50.0,75.0,98.0,46.0,58.0,51.0,50,25
1,329,13.16,79.0,79.0,79.0,53.0,50.0,53.0,53.0,53.0,78.0,84.0,1.0,79.0,79.0,79.0,79.0,50.0,53.0,53.0,53.0,82.0,79.0,1.0,42.0,42.0,58.0,75.0,25.0,50.0,75.0,98.0,48.0,51.0,48.0,42.0,58.0,58.0,58.0,25.0,50.0,75.0,98.0,47.0,57.0,52.0,50,25
1,330,13.200000000000001,79.0,79.0,79.0,53.0,50.0,53.0,53.0,53.0,77.0,83.0,1.0,79.0,79.0,79.0,79.0,50.0,53.0,53.0,53.0,83.0,79.0,0.0,42.0,42.0,58.0,75.0,25.0,50.0,75.0,98.0,48.0,52.0,49.0,42.0,58.0,58.0,58.0,25.0,50.0,75.0,98.0,46.0,56.0,51.0,50,25
1,331,13.24,79.0,79.0,79.0,53.0,50.0,53.0,53.0,53.0,78.0,82.0,2.0,79.0,79.0,79.0,79.0,50.0,53.0,53.0,53.0,84.0,78.0,1.0,42.0,42.0,58.0,75.0,25.0,50.0,75.0,98.0,49.0,51.0,48.0,42.0,58.0,58.0,58.0,25.0,50.0,75.0,98.0,45.0,57.0,50.0,50,25
1,332,13.280000000000001,79.0,79.0,79.0,53.0,50.0,53.0,53.0,53.0,79.0,81.0,2.0,79.0,79.0,79.0,79.0,50.0,53.0,53.0,53.0,83.0,79.0,2.0,42.0,42.0,58.0,75.0,25.0,50.0,75.0,98.0,50.0,50.0,47.0,42.0,58.0,58.0,58.0,25.0,50.0,75.0,98.0,46.0,58.0,49.0,50,25
1,333,13.32,79.0,79.0,79.0,53.0,50.0,53.0,53.0,53.0,78.0,80.0,2.0,79.0,79.0,79.0,79.0,50.0,53.0,53.0,53.0,82.0,78.0,3.0,42.0,42.0,58.0,75.0,25.0,50.0,75.0,98.0,49.0,49.0,48.0,42.0,58.0,58.0,58.0,25.0,50.0,75.0,98.0,47.0,57.0,48.0,50,25
1,334,13.36,79.0,79.0,79.0,53.0,50.0,53.0,53.0,53.0,77.0,80.0,3.0,79.0,79.0,79.0,79.0,50.0,53.0,53.0,53.0,83.0,77.0,3.0,42.0,42.0,58.0,75.0,25.0,50.0,75.0,98.0,50.0,48.0,49.0,42.0,58.0,58.0,58.0,25.0,50.0,75.0,98.0,48.0,58.0,49.0,50,25
1,335,13.4,79.0,79.0,79.0,53.0,50.0,53.0,53.0,53.0,78.0,79.0,2.0,79.0,79.0,79.0,79.0,50.0,53.0,53.0,53.0,82.0,78.0,3.0,42.0,42.0,58.0,75.0,25.0,50.0,75.0,98.0,49.0,47.0,50.0,42.0,58.0,58.0,58.0,25.0,50.0,75.0,98.0,47.0,57.0,50.0,50,25
1,336,13.44,79.0,79.0,79.0,53.0,50.0,53.0,53.0,53.0,77.0,80.0,2.0,79.0,79.0,79.0,79.0,50.0,53.0,53.0,53.0,83.0,77.0,3.0,42.0,42.0,58.0,75.0,25.0,50.0,75.0,98.0,50.0,46.0,49.0,42.0,58.0,58.0,58.0,25.0,50.0,75.0,98.0,46.0,56.0,51.0,50,25
1,337,13.48,79.0,79.0,79.0,53.0,50.0,53.0,53.0,53.0,76.0,81.0,2.0,79.0,79.0,79.0,79.0,50.0,53.0,53.0,53.0,82.0,78.0,2.0,42.0,42.0,58.0,75.0,25.0,50.0,75.0,98.0,49.0,45.0,50.0,42.0,58.0,58.0,58.0,25.0,50.0,75.0,98.0,47.0,57.0,52.0,50,25
1,338,13.52,79.0,79.0,79.0,53.0,50.0,53.0,53.0,53.0,77.0,80.0,3.0,79.0,79.0,79.0,79.0,50.0,53.0,53.0,53.0,83.0,77.0,1.0,42.0,42.0,58.0,75.0,25.0,50.0,75.0,98.0,50.0,44.0,49.0,42.0,58.0,58.0,58.0,25.0,50.0,75.0,98.0,48.0,58.0,51.0,50,25
1,339,13.56,79.0,79.0,79.0,53.0,50.0,53.0,53.0,53.0,78.0,80.0,2.0,79.0,79.0,79.0,79.0,50.0,53.0,53.0,53.0,82.0,77.0,2.0,42.0,42.0,58.0,75.0,25.0,50.0,75.0,98.0,49.0,45.0,50.0,42.0,58.0,58.0,58.0,25.0,50.0,75.0,98.0,49.0,59.0,50.0,50,25
1,340,13.6,79.0,79.0,79.0,53.0,50.0,53.0,53.0,53.0,77.0,81.0,1.0,79.0,79.0,79.0,79.0,50.0,53.0,53.0,53.0,81.0,78.0,3.0,42.0,42.0,58.0,75.0,25.0,50.0,75.0,98.0,48.0,44.0,51.0,42.0,58.0,58.0,58.0,25.0,50.0,75.0,98.0,50.0,58.0,49.0,50,25
1,341,13.64,79.0,79.0,79.0,53.0,50.0,53.0,53.0,53.0,76.0,80.0,2.0,79.0,79.0,79.0,79.0,50.0,53.0,53.0,53.0,80.0,79.0,3.0,42.0,42.0,58.0,75.0,25.0,50.0,75.0,98.0,47.0,45.0,50.0,42.0,58.0,58.0,58.0,25.0,50.0,75.0,98.0,49.0,57.0,48.0,50,25
1,342,13.68,79.0,79.0,79.0,53.0,50.0,53.0,53.0,53.0,77.0,79.0,1.0,79.0,79.0,79.0,79.0,50.0,53.0,53.0,53.0,79.0,78.0,4.0,42.0,42.0,58.0,75.0,25.0,50.0,75.0,98.0,48.0,44.0,51.0,42.0,58.0,58.0,58.0,25.0,50.0,75.0,98.0,48.0,58.0,49.0,50,25
1,343,13.72,79.0,79.0,79.0,53.0,50.0,53.0,53.0,53.0,76.0,80.0,2.0,79.0,79.0,79.0,79.0,50.0,53.0,53.0,53.0,78.0,79.0,3.0,42.0,42.0,58.0,75.0,25.0,50.0,75.0,98.0,49.0,43.0,52.0,42.0,58.0,58.0,58.0,25.0,50.0,75.0,98.0,49.0,59.0,50.0,50,25
1,344,13.76,79.0,79.0,79.0,53.0,50.0,53.0,53.0,53.0,77.0,79.0,1.0,79.0,79.0,79.0,79.0,50.0,53.0,53.0,53.0,77.0,78.0,2.0,42.0,42.0,58.0,75.0,25.0,50.0,75.0,98.0,48.0,42.0,53.0,42.0,58.0,58.0,58.0,25.0,50.0,75.0,98.0,48.0,58.0,49.0,50,25
1,345,13.8,79.0,79.0,79.0,53.0,50.0,53.0,53.0,53.0,76.0,78.0,0.0,79.0,79.0,79.0,79.0,50.0,53.0,53.0,53.0,78.0,79.0,1.0,42.0,42.0,58.0,75.0,25.0,50.0,75.0,98.0,47.0,41.0,52.0,42.0,58.0,58.0,58.0,25.0,50.0,75.0,98.0,47.0,57.0,50.0,50,25
1,346,13.84,79.0,79.0,79.0,53.0,50.0,53.0,53.0,53.0,77.0,79.0,0.0,79.0,79.0,79.0,79.0,50.0,53.0,53.0,53.0,78.0,80.0,2.0,42.0,42.0,58.0,75.0,25.0,50.0,75.0,98.0,46.0,40.0,53.0,42.0,58.0,58.0,58.0,25.0,50.0,75.0,98.0,46.0,58.0,49.0,50,25
1,347,13.88,79.0,79.0,79.0,53.0,50.0,53.0,53.0,53.0,78.0,78.0,1.0,79.0,79.0,79.0,79.0,50.0,53.0,53.0,53.0,79.0,79.0,3.0,42.0,42.0,58.0,75.0,25.0,50.0,75.0,98.0,45.0,41.0,52.0,42.0,58.0,58.0,58.0,25.0,50.0,75.0,98.0,45.0,57.0,50.0,50,25
1,348,13.92,79.0,79.0,79.0,53.0,50.0,53.0,53.0,53.0,79.0,77.0,0.0,79.0,79.0,79.0,79.0,50.0,53.0,53.0,53.0,80.0,80.0,4.0,42.0,42.0,58.0,75.0,25.0,50.0,75.0,98.0,44.0,40.0,51.0,42.0,58.0,58.0,58.0,25.0,50.0,75.0,98.0,46.0,56.0,50.0,50,25
1,349,13.96,79.0,79.0,79.0,53.0,50.0,53.0,53.0,53.0,78.0,76.0,1.0,79.0,79.0,79.0,79.0,50.0,53.0,53.0,53.0,80.0,79.0,3.0,42.0,42.0,58.0,75.0,25.0,50.0,75.0,98.0,45.0,41.0,52.0,42.0,58.0,58.0,58.0,25.0,50.0,75.0,98.0,47.0,57.0,51.0,50,25
1,350,14.0,79.0,79.0,79.0,53.0,50.0,53.0,53.0,53.0,79.0,77.0,1.0,79.0,79.0,79.0,79.0,50.0,53.0,53.0,53.0,81.0,79.0,2.0,42.0,42.0,58.0,75.0,25.0,50.0,75.0,98.0,44.0,42.0,53.0,42.0,58.0,58.0,58.0,25.0,50.0,75.0,98.0,46.0,58.0,51.0,50,25
1,351,14.040000000000001,79.0,79.0,79.0,53.0,50.0,53.0,53.0,53.0,80.0,78.0,2.0,79.0,79.0,79.0,79.0,50.0,53.0,53.0,53.0,80.0,80.0,2.0,42.0,42.0,58.0,75.0,25.0,50.0,75.0,98.0,45.0,43.0,52.0,42.0,58.0,58.0,58.0,25.0,50.0,75.0,98.0,47.0,59.0,50.0,50,25
1,352,14.08,79.0,79.0,79.0,53.0,50.0,53.0,53.0,53.0,81.0,79.0,2.0,79.0,79.0,79.0,79.0,50.0,53.0,53.0,53.0,79.0,79.0,1.0,42.0,42.0,58.0,75.0,25.0,50.0,75.0,98.0,44.0,42.0,51.0,42.0,58.0,58.0,58.0,25.0,50.0,75.0,98.0,48.0,58.0,51.0,50,25
1,353,14.120000000000001,79.0,79.0,79.0,53.0,50.0,53.0,53.0,53.0,82.0,78.0,2.0,79.0,79.0,79.0,79.0,50.0,53.0,53.0,53.0,78.0,78.0,0.0,42.0,42.0,58.0,75.0,25.0,50.0,75.0,98.0,45.0,43.0,50.0,42.0,58.0,58.0,58.0,25.0,50.0,75.0,98.0,49.0,57.0,51.0,50,25
1,354,14.16,79.0,79.0,79.0,53.0,50.0,53.0,53.0,53.0,81.0,79.0,1.0,79.0,79.0,79.0,79.0,50.0,53.0,53.0,53.0,79.0,77.0,1.0,42.0,42.0,58.0,75.0,25.0,50.0,75.0,98.0,46.0,42.0,49.0,42.0,58.0,58.0,58.0,25.0,50.0,75.0,98.0,50.0,56.0,50.0,50,25
1,355,14.200000000000001,79.0,79.0,79.0,53.0,50.0,53.0,53.0,53.0,80.0,78.0,0.0,79.0,79.0,79.0,79.0,50.0,53.0,53.0,53.0,78.0,78.0,2.0,42.0,42.0,58.0,75.0,25.0,50.0,75.0,98.0,45.0,41.0,48.0,42.0,58.0,58.0,58.0,25.0,50.0,75.0,98.0,51.0,55.0,49.0,50,25
1,356,14.24,79.0,79.0,79.0,53.0,50.0,53.0,53.0,53.0,81.0,79.0,1.0,79.0,79.0,79.0,79.0,50.0,53.0,53.0,53.0,77.0,78.0,1.0,42.0,42.0,58.0,75.0,25.0,50.0,75.0,98.0,46.0,42.0,47.0,42.0,58.0,58.0,58.0,25.0,50.0,75.0,98.0,52.0,54.0,48.0,50,25
1,357,14.280000000000001,79.0,79.0,79.0,53.0,50.0,53.0,53.0,53.0,80.0,80.0,2.0,79.0,79.0,79.0,79.0,50.0,53.0,53.0,53.0,78.0,79.0,0.0,42.0,42.0,58.0,75.0,25.0,50.0,75.0,98.0,45.0,43.0,48.0,42.0,58.0,58.0,58.0,25.0,50.0,75.0,98.0,51.0,55.0,49.0,50,25
1,358,14.32,79.0,79.0,79.0,53.0,50.0,53.0,53.0,53.0,81.0,80.0,1.0,79.0,79.0,79.0,79.0,50.0,53.0,53.0,53.0,79.0,78.0,0.0,42.0,42.0,58.0,75.0,25.0,50.0,75.0,98.0,46.0,44.0,47.0,42.0,58.0,58.0,58.0,25.0,50.0,75.0,98.0,52.0,56.0,48.0,50,25
1,359,14.36,79.0,79.0,79.0,53.0,50.0,53.0,53.0,53.0,82.0,79.0,0.0,79.0,79.0,79.0,79.0,50.0,53.0,53.0,53.0,80.0,78.0,1.0,42.0,42.0,58.0,75.0,25.0,50.0,75.0,98.0,45.0,45.0,46.0,42.0,58.0,58.0,58.0,25.0,50.0,75.0,98.0,53.0,55.0,47.0,50,25
1,360,14.4,79.0,79.0,79.0,53.0,50.0,53.0,53.0,53.0,81.0,78.0,1.0,79.0,79.0,79.0,79.0,50.0,53.0,53.0,53.0,81.0,79.0,0.0,42.0,42.0,58.0,75.0,25.0,50.0,75.0,98.0,46.0,44.0,47.0,42.0,58.0,58.0,58.0,25.0,50.0,75.0,98.0,54.0,56.0,48.0,50,25
1,361,14.44,79.0,79.0,79.0,53.0,50.0,53.0,53.0,53.0,82.0,78.0,2.0,79.0,79.0,79.0,79.0,50.0,53.0,53.0,53.0,80.0,80.0,1.0,42.0,42.0,58.0,75.0,25.0,50.0,75.0,98.0,47.0,45.0,48.0,42.0,58.0,58.0,58.0,25.0,50.0,75.0,98.0,53.0,57.0,49.0,50,25
1,362,14.48,79.0,79.0,79.0,53.0,50.0,53.0,53.0,53.0,81.0,79.0,2.0,79.0,79.0,79.0,79.0,50.0,53.0,53.0,53.0,81.0,79.0,2.0,42.0,42.0,58.0,75.0,25.0,50.0,75.0,98.0,46.0,46.0,49.0,42.0,58.0,58.0,58.0,25.0,50.0,75.0,98.0,52.0,56.0,48.0,50,25
1,363,14.52,79.0,79.0,79.0,53.0,50.0,53.0,53.0,53.0,80.0,78.0,3.0,79.0,79.0,79.0,79.0,50.0,53.0,53.0,53.0,82.0,80.0,1.0,42.0,42.0,58.0,75.0,25.0,50.0,75.0,98.0,47.0,47.0,48.0,42.0,58.0,58.0,58.0,25.0,50.0,75.0,98.0,51.0,55.0,49.0,50,25
1,364,14.56,79.0,79.0,79.0,53.0,50.0,53.0,53.0,53.0,79.0,77.0,4.0,79.0,79.0,79.0,79.0,50.0,53.0,53.0,53.0,83.0,81.0,1.0,42.0,42.0,58.0,75.0,25.0,50.0,75.0,98.0,46.0,48.0,48.0,42.0,58.0,58.0,58.0,25.0,50.0,75.0,98.0,52.0,54.0,48.0,50,25
1,365,14.6,79.0,79.0,79.0,53.0,50.0,53.0,53.0,53.0,78.0,76.0,3.0,79.0,79.0,79.0,79.0,50.0,53.0,53.0,53.0,84.0,82.0,2.0,42.0,42.0,58.0,75.0,25.0,50.0,75.0,98.0,47.0,47.0,49.0,42.0,58.0,58.0,58.0,25.0,50.0,75.0,98.0,53.0,55.0,49.0,50,25
1,366,14.64,79.0,79.0,79.0,53.0,50.0,53.0,53.0,53.0,77.0,77.0,2.0,79.0,79.0,79.0,79.0,50.0,53.0,53.0,53.0,83.0,83.0,2.0,42.0,42.0,58.0,75.0,25.0,50.0,75.0,98.0,46.0,46.0,50.0,42.0,58.0,58.0,58.0,25.0,50.0,75.0,98.0,54.0,54.0,50.0,50,25
1,367,14.68,79.0,79.0,79.0,53.0,50.0,53.0,53.0,53.0,76.0,76.0,1.0,79.0,79.0,79.0,79.0,50.0,53.0,53.0,53.0,82.0,82.0,3.0,42.0,42.0,58.0,75.0,25.0,50.0,75.0,98.0,45.0,45.0,51.0,42.0,58.0,58.0,58.0,25.0,50.0,75.0,98.0,53.0,53.0,49.0,50,25
1,368,14.72,79.0,79.0,79.0,53.0,50.0,53.0,53.0,53.0,77.0,75.0,1.0,79.0,79.0,79.0,79.0,50.0,53.0,53.0,53.0,81.0,81.0,3.0,42.0,42.0,58.0,75.0,25.0,50.0,75.0,98.0,44.0,46.0,52.0,42.0,58.0,58.0,58.0,25.0,50.0,75.0,98.0,54.0,52.0,50.0,50,25
1,369,14.76,79.0,79.0,79.0,53.0,50.0,53.0,53.0,53.0,76.0,76.0,0.0,79.0,79.0,79.0,79.0,50.0,53.0,53.0,53.0,82.0,80.0,4.0,42.0,42.0,58.0,75.0,25.0,50.0,75.0,98.0,45.0,45.0,52.0,42.0,58.0,58.0,58.0,25.0,50.0,75.0,98.0,55.0,51.0,51.0,50,25
1,370,14.8,79.0,79.0,79.0,53.0,50.0,53.0,53.0,53.0,77.0,75.0,1.0,79.0,79.0,79.0,79.0,50.0,53.0,53.0,53.0,83.0,79.0,3.0,42.0,42.0,58.0,75.0,25.0,50.0,75.0,98.0,44.0,44.0,51.0,42.0,58.0,58.0,58.0,25.0,50.0,75.0,98.0,56.0,52.0,52.0,50,25
1,371,14.84,79.0,79.0,79.0,53.0,50.0,53.0,53.0,53.0,78.0,76.0,2.0,79.0,79.0,79.0,79.0,50.0,53.0,53.0,53.0,82.0,80.0,2.0,42.0,42.0,58.0,75.0,25.0,50.0,75.0,98.0,45.0,45.0,50.0,42.0,58.0,58.0,58.0,25.0,50.0,75.0,98.0,57.0,53.0,51.0,50,25
1,372,14.88,79.0,79.0,79.0,53.0,50.0,53.0,53.0,53.0,77.0,75.0,1.0,79.0,79.0,79.0,79.0,50.0,53.0,53.0,53.0,83.0,79.0,2.0,42.0,42.0,58.0,75.0,25.0,50.0,75.0,98.0,44.0,44.0,51.0,42.0,58.0,58.0,58.0,25.0,50.0,75.0,98.0,56.0,52.0,50.0,50,25
1,373,14.92,79.0,79.0,79.0,53.0,50.0,53.0,53.0,53.0,78.0,74.0,2.0,79.0,79.0,79.0,79.0,50.0,53.0,53.0,53.0,84.0,78.0,3.0,42.0,42.0,58.0,75.0,25.0,50.0,75.0,98.0,43.0,45.0,51.0,42.0,58.0,58.0,58.0,25.0,50.0,75.0,98.0,55.0,51.0,49.0,50,25
1,374,14.96,79.0,79.0,79.0,53.0,50.0,53.0,53.0,53.0,77.0,75.0,1.0,79.0,79.0,79.0,79.0,50.0,53.0,53.0,53.0,83.0,77.0,2.0,42.0,42.0,58.0,75.0,25.0,50.0,75.0,98.0,44.0,44.0,50.0,42.0,58.0,58.0,58.0,25.0,50.0,75.0,98.0,54.0,50.0,48.0,50,25
